Abbreviation,Term
%,per cent
&,and
"/",or
?,"undetermined, unknown, unspecified, query"
<,less than
=,equal
>,"greater than, more than"
>=,greater than or equal to
1,one
1st,first
2,two
2-3wl,two or three wheeled
2D,two dimensional
2nd,second
2wl,two wheeled
3,three
3DCRT,three dimensional conformal radiation therapy
3rd,third
3wl,three wheeled
4th,fourth
4WD,four wheel drive
4wl,four wheeled
5th,fifth
A. baumannii,Acinetobacter baumannii
"A/N",antenatal
AA,abdominal aorta
AAA,abdominal aortic aneurysm
ab,abuse
Ab,"antibody, antibodies"
abd,aboard
abdct,abductor
abdnmnt,abandonment
abdo,"abdomen, abdominal"
abltn,ablation
abn,"abnormality, abnormalities, abnormal"
abortn,abortion
abrsn,abrasion
abs,abscess
absc,absence
absorptn,absorption
abtmt,abutment
abv,above
ac,acute
acc,accessory
accommodatv,accommodative
accommodtn,accommodation
accord,according
acd,"acid, acidifying"
acdt,"accident, accidents, accidental, accidentally"
ACE,angiotensin converting enzyme
acetab,acetabulum
acoust,acoustic
acq,acquaintance
acqd,acquired
acrylc,acrylic
act,"activity, activities, activated"
actn,action
actvd,activated
actvn,activation
adapt,"adaptive, adaptation"
add,"additional, addition"
addictn,addiction
aden,adenomatous
adenfibrma,adenofibroma
adenoca,adenocarcinoma
adenovir,adenovirus
adhes,"adhesion, adhesions"
adjtv,adjunctive
ADL,activities of daily living
adlt,"adult, adults"
admin,"administered, administration, administrative"
admssn,admission
adol,adolescent
adop,"adoption, adoptive"
adrenl,adrenal
adrngc,adrenergic
adrngc-neuron-block,adrenergic-neuron-blocking
adv,adverse
advance,advancement
aesthc,aesthetic
aff,"affective, affecting"
AFP,alphafetoprotein
aft,after
aftercomg,aftercoming
agcy,agency
agnst,against
agonst,agonist
agricult,"agricultural, agriculture"
agt,agent(s)
AH,allied health
AILD,angioimmunoblastic lymphadenopathy with dysproteinaemia
aircrft,aircraft
alco,"alcohol, alcoholic"
algt,alighting
alimntry,alimentary
all,allergic
ALL,acute lymphoblastic leukaemia
alld,allied
allgd,alleged
alligtr,alligator
allo,allogeneic
allogft,allograft
allrgn,"allergen, allergens"
alpha-adrcp,alpha-adrenoreceptor
altern,alteration
alv,alveolar
ambig,ambiguous
ambltry,amubulatory
ambulatn,ambulation
aminoderivt,aminoderivative
AML,acute myeloid leukaemia
amn-acd,"amino-acid, amino-acids"
amnes,amnesic
amputatn,"amputation, amputations"
amyloid,amyloidosis
anaes,"anaesthetic, anaesthesia, anaesthesiology"
anaes-ind,anaesthesia induced
anaphx,anaphylaxis
anaphyl,anaphylactic
andrgn,androgen
ang,angiography
angiofibrma,angiofibroma
angl,angulation
angpthy,angiopathy
animal-rdr,animal rider
ank,ankle
anlgsc,"analgesic, analgesics"
anlys,analysis
anm,anaemia
anml,"animal, animals"
anml-drwn,animal-drawn
anmly,anomaly
anmte,animate
anocutan,anocutaneous
anogen,anogenital
anopthmc,anophthalmic
anoth,another
anovestib,anovestibular
anplst,anaplastic
anrysm,aneurysm
ans,anus
anstms,anastomosis
ant,anterior
antacd,"antacid, antacids"
antandrgn,"antiandrogen, antiandrogens"
antchy,antitachycardia
antestrgn,"anti-oestrogen, anti-oestrogens"
antgast,antigastric
antgast-secrtn,anti-gastric-secretion
antgnst,antagonists
antgonad,antigonadotrophin
anthyplipid,antihyperlipidaemic
anthypochrm-anm,anti-hypochromic-anaemia
antianx,antianxiety
antiartsclrc,antiarteriosclerotic
antibiot,"antibiotic, antibiotics"
anticoaglt,anticoagulant
antidprst,"anti-depressant, antidepressant, antidepressants"
antiep,anti-epileptic
antifung,antifungal
anti-infect,anti-infective
antimal,antimalarial
antineopl,antineoplastic
antinf,anti-inflammatory
antinfect,anti-infectives
antiparasitc,"antiparasitic, antiparasitics"
antipark,antiparkinsonism
antipyr,"antipyretic, antipyretics"
antirhm,antirheumatic
antmegblst-anm,anti-megaloblastic-anaemia
antmetblt,"antimetabolite, antimetabolites"
antpsych,antipsychotic
antrostmy,antrostomy
aort,"aorta, aortic"
aorto-carot-brachial,aorto-carotid-brachial
aortoentrc,aorto-enteric
aorto-femoro-pop,aorto-femoro-popliteal
aortogr,aortography
aorto-subclavian-carot,aorto-subclavian-carotid
aplnce,"appliance, appliances"
app,apparatus
appear,appearance
append,appendage
applicn,application
appr,approach
arch,arches
arhytm,arrhythmia
arnd,around
arom,aromatic
arrgmt,"arrangement, arrangements"
art,"artery, arteries, arterial"
arteriol,"arteriole, arterioles"
artf,artificial
art-fem-fem,aorto-femoro-femoral
arthr,arthritis
arthro,"arthroscopic, arthroscopy"
arthrodes,arthrodesis
arthroply,arthroplasty
arthrpd,"arthropod, arthropods"
arthrpthy,"arthropathies, arthropathy"
arthrs,arthrosis
artlr,articular
aryepigltc,aryepiglottic
asc,ascending
ASD,atrial septal defect
aslt,assault
aspr,aspiration
aspt,aspect
ass,"associate, associated"
assess,assessment
asst,"assistance, assisted, assistive"
astgmtsm,astigmatism
atchd,attached
atchmt,attachment
atempt,attempt
atheroscl,atherosclerotic
atrl,atrial
atrn,all-terrain
atrs,atresia
attde,attitude
attempd,attempted
attn,attention
atypic,atypical
aud,auditory
audiolgy,audiology
audiomty,audiometry
aug,augmentation
auric,auricular
aut,autonomic
auth,"authority, authorities"
auto,"automated, automatic"
autogft,autograft
autoimm,autoimmune
autolgs,autologous
AV,arteriovenous
A-V,atrioventricular
AVM,arteriovenous malformation
ax-femor,axillo-femoral
axil,axillary
b,between
B. fragilis,Bacillus fragilis
Ba,Barium
backgrnd,background
bact,"bacteria, bacteriologically, bacterial"
BAHA,bone anchored hearing aid
bal,balance
balln,balloon
BCC,basal cell carcinoma
bck,"backing, back"
b-cl,b-cell
bd,body
bef,before
beh,"behaviour, behavioural"
ben,benign
benzothiad,benzothiadiazides
beta-adrcp,beta-adrenoreceptor
bifem,bifemoral
bifur,bifurcation
bil,bilateral
bimax,bimaxillary
binoculr,binocular
biochem,biochemical
biol,biological
bioprosth,bioprosthesis
bipol,bipolar
bitherml,bithermal
biz,bizarre
bl,blood
blader,bladder
blck,block
bldg,building
bldnk,bladder neck
bleed,bleeding
bl-forming,blood-forming
blstr,blister
blw,below
bm,bone marrow
BMI,body mass index
bnd,"band, bands"
bne,"bone, bones"
board,boarding
bordrlne,borderline
BP,blood pressure
BPSD,behavioural or psychological symptoms of dementia
br,"branch, branches, branched"
"br/stem",brain stem
brachythrpy,brachytherapy
brc,brachial
br-chain,branched-chain
brch-alv,broncho-alveolar
brchl-alv,bronchiolo-alveolar
brchlts,bronchiolitis
brd,broad
brdg,bridge
breath,breathing
brn,"burn, burns"
bronc,bronchus
bronchsc,bronchoscopy
brst,breast
brth,"birth, childbirth"
brucl,brucella
BSA,body surface area
bse,base
bte,"bite, bitten"
bth,both
btwng,bitewing
bur,burr
butyroph,butyrophenone
bwl,bowel
Bx,biopsy
byps,bypass
C. perfringens,Clostridium perfringens
C.difficile,"Clostridioides, Clostridium difficile"
"C/S",caesarean section
"c/v",cerebrovascular
ca,"carcinoma, carcinomas"
CAB,coronary artery bypass
CABG,coronary artery bypass graft
cafeine,caffeine
cal,calorie
calc,"calculus, calculi"
calcif,calcification
calcm,calcium
canalr,canalicular
cannab,cannabinoids
cannuln,cannulation
capill,capillaries
capsl,"capsule, capsular"
capsulectmy,capsulectomy
carb,carbonic
carbohyd,carbohydrate
carcind,carcinoid
card,cardiac
cardiogm,cardiogram
cardioresp,cardiorespiratory
Card-stimt,cardiac-stimulant
carot,carotid
carpmetacarp,carpometacarpal
cart,cartilage
cartgns,cartilaginous
cast,casting
cat,cataract
cath,"catheter, catheters, catheterisation"
caus,"causing, cause"
cauterise,cauterisation
cavrnspgsum,cavernosospongiosum
CBD,common bile duct
CBVT,Cone beam volumetric tomography
cchlr,cochlear
ccygl,coccygeal
cd,cord
cd-gnl,cord-gonadal
cdl,caudal
cdyl,condyle
cellulr,"cellular, cellularity"
centi,"centipede, centipedes"
centralstn,centralisation
centroblastic-cytic,centroblastic-centrocytic
cerbelm,cerebellum
cereb,cerebral
cerebelptn,cerebellopontine
cert,certain
cerv,cervical
cervicothorac,cervicothoracic
CF,cystic fibrosis
ch,"change, changes"
ch wall,chest wall
cham,chamber
CHD,congenital heart disease
chdply,chondroplasty
check,check-up
chem,chemical
chemo,chemotherapy
chemomech,chemomechanical
chemthpc,chemotherapeutic
child,childhood
cholang,cholangitis
cholangioca,cholangiocarcinoma
cholcys,cholecystitis
chole,cholecystectomy
choledhty,choledochotomy
choledochl,choledochal
chord,chordee
chori,chorionic
chorioca,choriocarcinoma
chorioret,chorioretinal
chptr,chapter
chr,chronic
chromsm,"chromosome, chromosomal"
chst,chest
ciliatd,ciliated
CIN III,Grade III intraepithelial neoplasia of cervix
circ,"circulating, circulatory, circulation"
circumst,circumstances
cl,"cell, cells"
"cl/e",classified elsewhere
class,classified
claud,claudication
clbft,clubfoot
clbhnd,clubhand
clean,cleaning
clft,cleft
clin,clinical
clitorply,clitoroplasty
clr,clearance
clrd,coloured
cls,closure
clsd,closed
clwft,clawfoot
clwhnd,clawhand
CM,contrast media
cmb,"combined, combination"
cmcl,commercial
CMG,cystometrography
CML,chronic myeloid leukaemia
cmnt,"cement, cementation"
cmpd,compound
cmpt,compartment
cms,centametres
CMV,Cytomegalovirus
cndt,conduit
cnl,canal
CNS,central nervous system
cntl,"control, controlled"
cntrl,central
CO,carbon monoxide
CO2,carbon dioxide
coag,coagulant
coagltn,coagulation
cogn,"cognitive, cognition"
col,collision
colit,colitis
coll,collateral
colln,collection
collpse,"collapse, collapsed"
colonsc,colonoscopy
colour,colouration
com,common
comb,combustion
comm,"communicating, communicable"
commtn,communication
comp,"complication, complications, complicating"
compat,compatibility
compenstry,compensatory
compl,"complete, completely"
complic,complicated
complx,complex
compostn,composition
comprs,compression
compst,composite
compt,component
comput,"computer, computerised"
con,connective
concntrt,"concentrate, concentrated"
cond,"condition, conditions"
conditng,conditioning
conduct,conductive
conductn,conduction
condylr,condylar
conf,"confirmation, confirmed"
cong,"congenital, congenitally"
conjnct,conjunctival
conjtn,conjunction
const,constituents
construct,construction
consult,consultation
cont,contents
contam,"contaminants, contaminated"
contct,contact
contin,continuous
contint,continent
contn,"contain, containing"
contract,contracture
contrctn,"contraction, contractions"
contrst,contrast
contus,contusion
conty,continuity
conv,"convert, converting"
COPD,chronic obstructive pulmonary disease
cor,correction
cornea,corneal
coron,coronary
corpori,corporis
correspndnc,correspondence
corsv,corrosive
cortcl,cortical
cosmet,cosmetic
costotrnsvrsecty,costotransversectomy
counsel,counselling
c'over,crossover
COVID-19,coronavirus disease 2019
covrd,covered
CPB,cardiopulmonary bypass
cran,cranial
craniocervl,craniocervical
cranopharngl,craniopharyngeal
crb-anh,carbonic-anhydrase
creat,creation
cres,crescentic
crft,craft
crg,carriage
cricophrngl,cricopharyngeal
crniectmy,craniectomy
crnioply,cranioplasty
crniotmy,craniotomy
crnl,coronal
croc,crocodile
CRPS,complex regional pain syndrome
crsh,"crash, crashing"
cruc,cruciate
crwn,crown
cryothrpy,cryotherapy
crystaline,crystalline
CSF,cerebrospinal fluid
CT,computerised tomography
CUG,cysto-urethrography
cult,culture
curet,curettage
curr,currently
curve,curvature
cutan,cutaneous
cv,cavity
C-V,cardiovascular
cvrns,cavernous
cyc,cycle
cycl,"bicycle, cyclist"
cylndr,cylinder
cystaden,cystadenoma
cystadenoca,cystadenocarcinoma
cytol,cytological
cytotox,cytotoxic
D,dimensional
D&C,dilation and curettage
D&E,dilation and evacuation
dam,damage
DAR,data acquisition runs
dct,"duct, ducts"
debride,"debridement, debrided"
decidus,deciduous
decn,decision
deco,decoronated
decomp,decompression
def,deficiency
defib,defibrillator
defrm,deformity
deg,degree
degen,degenerative
del,delirium
delv,delivery
demnt,dementia
demyelin,demyelinating
denrv,denervation
densitmety,densitometry
dep,dependence
deper,deeper
depletn,"depleted, depletion"
depres,"depression, depressive"
derail,derailment
derang,derangement
derivt,derivatives
dermat,dermatitis
desnstisatn,desensitisation
dest,destruction
detach,detachment
determntn,determination
detox,detoxification
dev,"device, devices"
devt,"development, developmental"
dfct,"defect, defects, defective"
dfn,defined
dfs,diffuse
dgt,"digit, digits"
dia,diameter
diab,diabetic
dialys,dialysis
diaph,"diaphragm, diaphragmatic"
diarrh,diarrhoea
diats,diastasis
DIC,disseminated intravascular coagulation
diet,dietetic
differd,"differentiated, differentiation"
difficlt,"difficult, difficulty"
digest,digestive
dilat,dilation
diphth,diphtheria
dir,direct
dis,"disease, diseases"
disable,disablement
disblty,disabilities
disc,discoid
disch,discharge
discrim,discrimination
disemntd,disseminated
disloc,"dislocation, dislocations"
dispensg,dispensing
displacemnt,displacement
disprop,disproportion
disrd,"disorder, disorders"
disrupt,"disruption, disruptions"
dissect,dissection
dist,distant
disturb,disturbances
diuretic,diuretics
div,division
diverlitis,diverticulitis
divertic,diverticulosis
diverticlr,diverticular
dl,deletion
dlsnl,delusional
DM,diabetes mellitus
dmstc,domestic
don,donor
dorspthy,dorsopathy
dose,dosage
dp,domestic partner
dplr,doopler
dplx,duplex
dprsnt,depressant
dr,"drug, drugs"
drain,"drainage, draining"
dress,dressing
dril,drilling
drmatfibrsrcm,dermatofibrosarcoma
drug-ind,drug-induced
drug-resist,drug-resistance
drvr,driver
drwn,drowning
ds,dose
DSA,digital subtraction angiography
DSS,digital subtraction selective
dstl,distal
dt,due to
duodnal,duodenal
duodnm,duodenum
duplictn,duplication
Dupuytrens,Dupuytren’s
dur,"duration, during"
dx,"diagnosis, diagnostic"
dysf,"dysfunction, dysfunctional"
dysp,dysplasia
dysplstc,dysplastic
E coli,Escherichia coli
eat,eating
EBV,Epstein-Barr virus
Ech,Echinococcus
ECMO,extra corporeal membrane oxygenation
ecntrc,eccentric
"ect/entropion",ectropion or entropion
ectop,ectopic
edentul,edentulous
eductn,"education, educational"
EEG,"electroencephalographic, electroencephalography"
eff,"effect, effects"
ehtmoidectmy,ethnoidectomy
elctrlytc,electrolytic
elec,"electrode, electrodes"
elect,electric
electrl,electrical
electrn,electronic
electro-anaes,electro-anaesthesia
electrolte,electrolyte
electrophys,electrophysiological
electrothrpy,electrotherapy
elev,elevation
elim,elimination
elmt,"element, elements"
embl,embryonal
emblectmy,embolectomy
embol,embolism
emerg,emergency
EMG,"electromyography, electromyogram"
emot,"emotion, emotional"
emotion,emotionally
encephalit,encephalitis
encephalomyelit,encephalomyelitis
encephpath,encephalopathy
encntr,"encounter, encountering"
endcap,endocapillary
endo,endocrine
endomtrd,endometrioid
endoprosth,"endoprosthesis, endoprosthetic"
endosc,endoscopic
endotrachl,endotracheal
endovasc,endovascular
endure,enduring
eng,engine
engy,energy
enml,enamel
ENMT,"ear, nose, mouth and throat"
ENT,"otorhinolaryngology, otorhinolaryngeal"
enterobact,enterobacterial
Enteroc,"Enterococcus, Enterococcal"
entervir,enterovirus
entrchromffn-like,enterochromaffin-like
envir,"environment, environmental"
enz,enzyme
EOG,electro-oculography
ep,"episode, episodic"
epdl,epidural
epi,epidemic
epicardl,epicardial
epicut,epicutaneous
epid,epididymis
epigastc,epigastric
epil,"epilepsy, epileptic"
epiphys,epiphysis
epitheld,epithelioid
epthl,epithelial
equake,earthquake
equip,equipment
erect,erection
ERG,electroretinography
erupt,eruption
erythcyte,erythrocyte
erythderm,erythroderma
ESBL,extended spectrum beta-lactamase
ESR,erythrocyte sedimentation rate
essent,essential
est,"establishment, established"
estrgn,oestrogen
ESWL,Extracorporeal shockwave lithotripsy
ethmdectmy,ethmoidectomy
ETT,endotracheal tube
evac,evacuation
evaln,evaluation
evdce,evidence
ex,except
exam,examination
exc,"excision, excision of, excisional, excised"
excess,excessive
excl,excluding
excrn,exocrine
exent,exenteration
exer,exercise
exhst,exhaust
exog,exogenous
exp,exposure
expand,expander
expl,"exploratory, exploration"
explsn,explosion
explsv,explosive
expr,experience
expres,expression
ext,external
extens,extension
extnsr,extensor
extr,"extract, extraction, extracted"
"extr/intrcran","extracranial, intracranial"
extrcardc,extracardiac
extrcpslr,extracapsular
extrcran,extracranial
extrem,"extremities, extremity"
extrme,"extreme, extremely"
extrp,extirpation
extsv,extensive
eyebal,eyeball
eyeld,eyelid
f,for
"F/U",follow up
fac,facial
faclty,facility
fail,"failure, failed"
fall,fallopian
fasc,fascial
fasciotmy,fasciotomy
FB,foreign body
fbrscmts,fibrosarcomatous
fce,face
fcs,focus
fct,"factor, factors"
fd,found
feign,feigning
femle,female
femor,femoral
fem-pop,femoro-popliteal
femr,femur
fenest,fenestration
fertil,"fertilised, fertilisation"
FFA,fundus fluorescein angiography
FHR,foetal heart rate
fib,fibula
fibr,fibrosis
fibroptc,fibreoptic
fill,filling
find,"finding, findings"
fist,"fistula, fistulae"
fit,fitting
fix,"fixation, fixture, fixed"
fix-wing,fixed-wing
fl,"fall, falls, falling"
flam,flammable
fld,field
flex,flexor
flm,"film, films"
flncy,fluency
flp,flap
flr,floor
fls,false
fluorosc,fluoroscopic
fm,family member
fmly,family
fn,"function, functional"
fngr,finger
focl,focal
fol,"follicular, follicle"
fold,foldable
foll,"following, followed"
fost,foster
FPD,fetopelvic disproportion
fr,from
frag,"fragment, fragmentation"
frarm,forearm
frce,force
frd,friend
freq,"frequencies, frequent"
frm,"form, forms, formation"
frmn,foramen
frmwrk,framework
frntl,frontal
frntonasal,frontonasal
frstbte,frostbite
frtalis,frontalis
frzn,frozen
FS,frozen section
fsa,"fossa, fossae"
ft,foot
FT,full thickness
fundoply,fundoplasty
furn,furniture
fus,fusion
fx,"fracture, fractures"
G.1,grade 1
G.2,grade 2
G.3,grade 3
G.4,grade 4
G.III,grade III
G6PD,glucose-6-phosphate dehydrogenase
GA,general anaesthetic
gang,"ganglion, ganglia"
gangr,gangrene
gangtmy,gangliotomy
garmt,garment
gastjejnl,gastrojejunal
gastoduod,"gastroduodenal, gastroduodenum"
gastoesph,gastro-oesophageal
gastrc,gastric
gastrecty,gastrectomy
gastrenteritis,gastroenteritis
gastro,gastroenterology
gastschisis,gastroschisis
GB,gallbladder
GCBPS,gated cardiac blood pool study
gen,"genital, genitalia"
genl,"generalized, general"
genr,generator
gest,"gestation, gestational"
gft,"graft, grafts, grafting"
gftd,grafted
GHB,gamma hydroxybutyrate
GI,gastrointestinal
gingivl,gingival
gingivostomatis,gingivostomatitis
GIT,gastrointestinal tract
glas,glass
glbn,globulin
gld,"gland, glands"
glmrlsa,glomerulosa
glndr,glandular
glom,glomerular
glomneph,glomerulonephritis
gluc,glucose
gon,gonococcal
gr,grand
granu,granulating
greatr,greater
grp,group
grth,growth
gstrmy,gastrostomy
gt,giant
GT,genital tract
GU,genitourinary
gym,gymnastics
gyn,gynaecological
H. influenzae,Haemophilus influenzae
H. pylori,Helicobacter pylori
"h/aid",hearing aid
"h/o",history of
"H/T","hypertension, hypertensive"
habiltv,habilitative
haem,"haemorrhage, haemorrhagic"
haemat,haematopoietic
haematlgl,haematological
haematur,haematuria
haemoglbnpthy,haemoglobulinopathy
haemolytc,haemolytic
haemtgs,haematogenous
haemtma,haematoma
hal,hallux
halgn,"halogen, halogenated"
hallucin,hallucinogens
hang,hanging
harmf,harmful
HA-SABSI,Healthcare associated Staphylococcus aureus bloodstream infection
HBOT,hyperbaric oxygen therapy
hear,hearing
hed,head
helminths,helminthiases
help,helping
hemangiondothlma,haemangioendothelioma
hemicircumcisn,hemicircumcision
hemolys,haemolysis
hemopericrd,haemopericardium
hep,hepatitis
hepatobil,hepatobiliary
hepatocell,hepatocellular
heptc,hepatic
hered,hereditary
herpes,herpesviral
het,heterologous
heterogft,heterograft
hiat,hiatus
Hirschspg,Hirschsprung’s
histo,histologically
histocompat,histocompatibility
HIV,Human Immunodeficiency Virus
HLRCC,hereditary leiomyomatosis and renal cell carcinoma
hlth,health
hme,home
hmplg,hemiplegia
hnd,hand
hodgk,hodgkin
Hodgkins,Hodgkin's
hosp,hospital
house,household
HPV,human papilloma virus
hr,"hour, hours"
hrn,hernia
hrt,heart
HSCT,haematopoietic stem cell transplantation
htch,hitch
HTLV,human T-cell lymphotropic virus
Hutchnsons,Hutchinson's
h-valgus,hallux valgus
hvy,"heavy, heavily"
hydcarb,hydrocarbons
hydroneph,hydronephrosis
hydrothrpy,Hydrotherapy
hylsng,hyalinising
hypdrmc,hyperdermic
hyperimmunoglobem,hyperimmunoglobulinaemia
hyperparathyrdsm,hyperparathyroidism
hypersens,hypersensitivity
hypertrph,"hypertrophy, hypertrophic"
hyperuricemia,hyperuricaemia
hypn,"hypnotic, hypnotics"
hypogly,hypoglycaemic
hypophrngl,hypopharyngeal
hypothmc,hypothermic
hypothnr,hypothenar
hypovent,hypoventilation
hystrectmy,hysterectomy
"i/diff",incompletely differentiated
"I/r",immunoregulatory
"I/V",intervertebral
IBS,irritable bowel syndrome
ICP,intracranial pressure
ICU,intensive care unit
id,identified
IDDM,insulin dependent diabetes mellitus
idiopath,idiopathic
IE,intractable epilepsy
IF,Internal fixation
ifem,iliofemoral
Ig,immunoglobulin
ignitn,ignition
IGR,impaired glucose tolerance
IH,intermediate hyperglycaemia
IHD,ischaemic heart disease
ill,illness
ill-def,ill-defined
IM,intramuscular
image,imaging
imbltc,immunoblastic
imm,immune
immat,immaturity
immed,"immediate, immediately"
immobils,immobilisation
immun,immunological
immunis,"immunise, immunisation"
immunodef,immunodeficiency
impair,"impairment, impaired"
impl,"implant, implants, implanted, implantation, implantable"
import,imported
impresn,impression
imprison,imprisonment
impro,immunoproliferative
IMRT,intensity modulated radiation therapy
"in/onlay","inlay/onlay"
inaccess,inaccessibility
inanmte,inanimate
inapprop,inappropriate
inc,incision
incdt,incident
incisnl,incisional
incl,including
incme,income
incmply,incompletely
incomp,incomplete
incont,incontinence
incoord,incoordinated
ind,"induced, induce"
indige,indigenous
indir,indirect
indiv,individual
indst,industrial
induct,induction
indwel,indwelling
inf,inflammatory
infect,"infectious, infective"
infectd,infected
infection-ass,infection-associated
infectn,infection
infer,inferior
infest,infestation
infiltratg,infiltrating
inflam,inflammation
inflat,inflatable
infnt,"infant, infantile"
info,information
infraptl,infrapatellar
infrarnl,infrarenal
infratentor,infratentorial
infrct,"infarct, infarction"
infrd,infrared
infus,infusion
ing,inguinal
ingest,ingestion
inhabit,inhabitants
inhalatn,inhalation
inhib,"inhibitor, inhibitors"
initl,initial
initn,initiation
inj,"injury, injuries, injured"
"inj/o",injection of
injct,injection
innervatn,innervation
innr,inner
inoculatn,inoculation
inorgan,inorganic
ins,insertion (of)
insct,insect
insctcde,insecticides
insemin,insemination
insit,in situ
insln,insulin
inst,"institution, institutions"
instab,instability
instill,instillation
instrmt,"instrument, instruments"
insuff,"insufficient, insufficiency"
int,internal
intcstl,intercostal
intct,intact
integ,integrating
integrtd,integrated
intel,intellectual
intensfr,intensifier
intent,intentional
interatrl,interatrial
interfac,interfacing
interfascr,interfascicular
intermax,intermaxillary
intermit,intermittent
interpretatn,interpretation
interpstn,interposition
interptn,interruption
interst,interstitial
intervtn,intervention
intest,"intestinal/intestine"
intlymtic,intralymphatic
intox,"intoxication, intoxications"
"intra/postop",intraoperative and postprocedural
intrabdo,intra-abdominal
intracereb,intracerebral
intracv,"intracavity, intracavitary"
intraderm,intradermal
intraductl,intraductal
intrahep,intrahepatic
intraocul,intraocular
intraop,intraoperative
intraotc,intraaortic
intrapertl,intraperitoneal
intrartclr,"intraarticular, intra-articular"
intrartrl,intra-arterial
intraspin,intraspinal
intrathcl,intrathecal
intrathor,intrathoracic
intravag,intravaginal
intravasc,intravascular
intrcran,intracranial
intrepthl,intraepithelial
intrmed,intermediate
intrns,intrinsic
intro,"introduce, introduction"
introrl,intraoral
intrtblr,intratubular
inv,"involve, involved, involving, involvement"
invas,invasive
investgtn,"investigation, investigations"
invrsn,inversion
invrtd,inverted
invsn,invasion
iodine-def,iodine-deficiency
iodine-def-rel,iodine-deficiency-related
IOL,insertion intraocular lens
ionmr,ionomer
IPJ,interphalangeal joint
irreg,irregular
irrigtn,irrigation
irrit,irritant
ischmc,ischaemic
isol,isolated
IU,intrauterine
IUCD,intrauterine contraceptive device
IUD,intrauterine device
IUGR,intrauterine (fetal) growth retardation
IV,intravenous
IVC,inferior vena cava
IVCM,intravenous contrast media
IVF,in vitro fertilisation
jctnl,junctional
jnct,junction
jt,"joint, joints"
juvnle,juvenile
K. pneumoniae,Klebsiella pneumonia
K+,potassium
karyt,karyotype
kerat,keratitis
keratconjunc,keratoconjunctivitis
keratlyt,keratolytic
keratplas,keratoplastic
ketoacid,ketoacidosis
kidny,kidney
kne,knee
kyphs,kyphosis
L,left
"l/intest",large intestine
"l/s",leukaemia-small
LA,local anaesthetic
lab,laboratory
labd,labelled
lacm,lacrimal
lacr,laceration
lact,lactation
laminctmy,laminectomy
lamotmy,laminotomy
lang,language
lap,"laparoscopic, laparoscopy, laparoscopically"
laryngophryngecty,laryngopharyngectomy
lasr,laser
lat,"lateral, laterality"
latncy,latency
lav,lavage
LDH,lactic acid dehydrogenase
learn,learning
LeFort3,Le Fort III
lengthen,lengthening
lesre,leisure
leuk,leukaemia
ligmt,"ligament, ligaments"
ligtn,ligation
linac,linear accelerator
lipoma,lipomatous
lmb,"limb, limbs"
lmbr,lumbar
lmphad,lymphadenectomy
lmphcl,lymphocele
lmphdma,lymphoedema
lncsmds,lincosamides
lne,line
lng,long
load,loading
loblr,lobular
loc,local
LOC,loss of consciousness
local,"localised, localisation"
local-rel,local-related
los,loose
low,lower
lrg,large
lrgcalbr,large calibre
lrnx,larynx
lsn,"lesion, lesions"
lvl,"level, levels"
lvr,liver
lymblas,lymphoblastic
lymph,lymphoma
lymphcytc,lymphocytic
lymphd,lymphoid
lymphoretic,lymphoreticular
lymphprol,lymphoproliferative
lympht,lymphocyte
M. pneumoniae,Mycoplasma pneumoniae
"m/ab",medical abortion
"m/bi",motorised bicycle
"M/S",musculoskeletal
mach,"machine, machinery"
mag,magnum
magns,magnesium
maintnc,maintenance
maj,major
mal,malaria
malabs,malabsorption
maladjust,maladjustment
malform,"malformation, malformations"
malg,"malignant, malignancy"
maln,malnutrition
malpos,malposition
malpres,malpresentation
MALT,mucosa associated lymphoid tissue
maltreat,maltreatment
malus,malleolus
mammoply,mammoplasty
mand,mandible
mandib,mandibular
manif,"manifestation, manifestations"
manip,manipulation
mar,marrow
margnl,marginal
mast,mastoid
mastec,mastectomy
mat,maternal
matrl,material
max,"maxilla, maxillary"
MCP,metacarpophalangeal
mcyc,motorcycle
mdl,medial
MDMA,methylenedioxy methamphetamine
MDS,myelodysplastic syndrome
measure,measurement
meat,meatus
mec,meconium
mech,mechanical
mechn,mechanism
med,medicine
mediast,mediastinum
medicatn,"medication, medications"
medm,medium
medts,medicaments
meduloblstm,medulloblastoma
megblst,megaloblastic
meiot,meiotic
melntc,melanotic
melt,melting
mem,memory
memb,"membrane, membranous"
mengits,meningitis
meningoc,meningococcal
meningoencephalit,meningoencephalitis
meningomyelit,meningomyelitis
menings,meninges
menis,meniscus
mensectmy,meniscectomy
menst,"menstrual cycle, menstruation"
ment,mental
merchnt,merchant
mesent,mesenteric
mesngcp,mesangiocapillary
mesngl,mesangial
met,"metastatic, metastases"
metab,"metabolism, metabolic"
metarsl,metatarsal
metatars,metatarsus
meth,"method, methods"
metpls,metaplasia
mgmt,management
mgvlt,megavoltage
MI,myocardial infarction
micro,"microscopy, microscopically, microscopic"
microbiol,microbiological
microlaryngoscpc,microlaryngoscopic
microlaryngscpy,microlaryngoscopy
micropapilry,micropapillary
microsurg,microsurgery
microtum,micrtumour
microvas,microvascular
mid,middle
min,minimal
minrl,mineral
mins,minutes
misadv,misadventure
misc,miscellaneous
ml,male
mlna,melanoma
mlns,melanosis
mltfo,multifocal
mltsys,multisystemic
MMRD,mismatched related donor
MMUD,mismatched unrelated donor
mnr,minor
mobilisn,mobilisation
mod,moderate
modfd,modified
modif,modification
modlty,modality
MOI,monoamine-oxidase-inhibitor
monitor,monitoring
monsmy,monosomy
morph,morphological
moth,mother
mountg,mounting
move,"movements, moving"
mr,marine
MRD,matched related donor
MSA,Multiple system atrophy
msctr,motor-scooter
mstdecty,mastoidectomy
mtl,metal
mtlyd,multilayered
mucins,mucinous
MUD,matched unrelated donor
mult,multiple
multdir,multidirectional
multiocularis,multilocularis
musc,"muscle, muscles"
MV,motor vehicle
mx,"mix, mixed"
myasthen,"myasthenia, myasthenic"
myelit,myelitis
"myelo/lymphoproliferative",myeloproliferative & lymphoproliferative
myelodysp,"myelodysplastic, myelodysplasia"
myeloply,myeloplasty
myelpth,myelopathy
myloprol,myeloproliferative
myocardm,myocardium
myocrdl,myocardial
myocutns,myocutaneous
myosit,myositis
myotmy,myotomy
myrgoply,myringoplasty
n,node
narc,narcotics
nasolacrm,nasolacrimal
nasophrynx,nasopharynx
nat,natural
navs,naevus
NEC,not elsewhere classified
necrg,necritising
necrs,necrosis
neg,negative
nek,neck
neonat,neonatal
neoplas,neoplastic
neoplm,neoplasm
neph,nephritic
nephpthy,nephropathy
nephrot,nephrotic
nephuretectomy,nephroureterectomy
neurecty,neurectomy
neurlptc,neuroleptics
neuro,neurological
neurodevelopmtl,neurodevelopmental
neuroendo,neuroendocrine
neuromusc,neuromuscular
neuropath,neuropathic
neurovasc,neurovascular
newb,newborn
NHL,non-Hodgkins lymphoma
NIDDM,non insulin dependent diabetes mellitus
NIFTP,noninvasive follicular thyroid neoplasm with papillary-like nuclear features
nitroderivt,nitroderivative
NIV,"noninvasive ventilation, noninvasive ventilatory"
NKHHC,nonketotic hyperglycaemic hyperosmolar coma
nmtr,nonmotor
nmucins,"non-mucinous, nonmucinous"
NNEC,neonatal necrotising enterocolitis
nnvas,nonvascular
no,"number, numbers"
nodulr,nodular
nonadmin,nonadministration
nonautolgs,nonautologous
nonbleed,non-bleeding
noncol,non collision
nondisjctn,nondisjunction
noninc,nonincisional
noninf,noninflammatory
noninfect,"noninfectious, noninfective"
noninfiltratg,noninfiltrating
noninsln,non-insulin
non-invas,non-invasive
nonionsng,nonionizing
nonkerat,nonkeratinising
nonmed,nonmedicinal
nonmet,nonmetallic
nonMV,"non motor vehicle, nonmotor vehicle"
nonneuropath,non-neuropathic
nonoblit,nonobliterative
nonobstruct,nonobstructive
nonop,nonoperative
nonopd,nonopioid
non-precs,non-precious
nonpwr,nonpowered
nonpyo,nonpyogenic
nonrheum,nonrheumatic
nonseg,nonsegmental
nonsurg,nonsurgical
nontraum,nontraumatic
nonven,nonvenomous
norm,normal
NOS,not otherwise specified
nox,noxious
nphrstmy,nephrostomy
nr,near
nrlytc,neurolytic
nrotmy,neurotomy
nrstim,neurostimulator
nrv,"nerve, nerves"
nrvs,nervous
nrxl,neuraxial
NSAID,non steroidal anti-inflammatory drugs
nt,not
ntrf,nontraffic
nuc,nucleic
nutrit,"nutrition, nutritional"
O&G,obstetrics and gynaecology
obj,object
oblit,"obliterative, obliteration"
obs,observation
obst,obstetric
obstr,"obstruction, obstructed, obstructive"
occ,occupant
occlus,occlusion
occpt,occiput
occuptn,occupational
ocld,occlude
oclr,ocular
ocpt-atlnt-axl,occipito-atlanto-axial
OCR,ossicular chain reconstruction
oesoph,"oesophagus, oesophageal"
oesophgojejnl,oesophagojejunal
oesphecty,oesophagectomy
oesphgast,oesophagogastric
ofc,official
offrd,off-road
OI,"osseointegration, osseointegrated"
OKN,optokinetic nystagmus
oment,omentoplasty
omentm,omentum
onrd,on-road
op,operative
opaq,opaque
opd,"opioid, opioids"
ophth,ophthalmic
OPMG,oculoplethysmography
opn,open
ops,operations
optcl,optical
optmsn,optimisation
orbit,orbital
orbitomy,orbitotomy
org,"organ, organs"
orgnc,organic
orgphspht,organophosphate
orientn,orientation
orifce,orifice
origi,originating
orl,oral
orthdntc,orthodontic
ortho,orthopaedic
orthotc,orthotic
OSA,obstructive sleep apnoea
osseus,osseous
ossif,ossification
ossifican,ossificans
ostchondysplas,osteochondrodysplasia
ostectmy,ostectomy
"Osteo/ostectomies",Osteotomies or ostectomies
osteochondr,osteochondrosis
osteomal,osteomalacia
osteomyelts,osteomyelitis
osteoplc,osteoplastic
osteoply,osteoplasty
osteopor,osteoporosis
osteosrcm,osteosarcoma
osteotmy,osteotomy
OT,occupational therapy
oth,other
otoacous,otoacoustic
otorrh,otorrhoea
out,outside
outr,outer
outveh,person on outside of vehicle
overact,overactive
overext,overexertion
overlap,overlapping
ovry,ovary
p,potential
"p/d",poorly differentiated
pack,packing
paed,paediatric
palmr,palmar
palptn,palpation
pancr,"pancreatic, pancreas"
pancrbil,pancreato
pand,pandemic
panendo,panendoscopy
papilry,papillary
paplry-mucins,papillary-mucinous
Para,Parastrongylus
parafol,parafollicular
parag,paraganglia
paransl,paranasal
paraortic,para-aortic
parapertuss,parapertussis
parasit,"parasite, parasitic"
parasymp,"parasympatholytic, parasympatholytics"
parathyph,parathyphoid
parathyrd,parathyroid
paravert,paravertebral
parench,parenchyma
partnr,partner
pas,pass
pass,passenger
path,pathological
pauciartclr,pauciarticular
pcancerous,precancerous
pckt,pocket
pckup,pick-up
pckup trck,pickup truck
pcmkr,pacemaker
pdcnv,pedestrian conveyance
pdl,pedal
pdlcycl,pedal cycle
ped,pedestrian
pedicls,pediculosis
pelv,"pelvis, pelvic"
pelviperit,pelviperitoneum
pelviuret,pelviureteric
pen,"penicillin, penicillins"
penetratn,penetration
perc,percutaneous
perceptn,perception
perf,"perforating, perforation"
perfn,perfusion
peri,period
periapcl,periapical
perid,peridontal
perinl,perineal
perintl,perinatal
perioc,periocular
periorbit,periorbital
peritnm,peritoneum
peritonl,peritoneal
periur,periurethral
perm,permanent
peronl,peroneal
perph,peripheral
pers,person
persist,persistent
persl,personal
person,personality
pert,pertussis
pet,Petit
PET,positron emission tomography
pgt,paget
phacoem,phacoemulsification
phacofragmtn,phacofragmentation
pharmac,"pharmacological, pharmacotherapy"
pharyngotonsillit,pharyngotonsillitis
phenthz,phenothiazine
phleb,phlebitis
phlx,phalanx
phntype,phenotype
photcoag,photocoagulation
phrngl,pharyngeal
phrynx,pharynx
phs,phase
phtn,photon
phtpltsmg,photoplethysmography
phys,physical
physl,physiological
pigmtd,pigmented
placnt,placenta
plan,planning
planr,planar
plasmodm,plasmodium
plast,plastic
plate,plateau
plc,place
plcmt,placement
pleomorphc,pleomorphic
plo,place of occurrence
plp,pulp
pltsmg,plethysmography
pltv,palliative
pluriglndr,pluriglandular
plxfm,plexiform
plxs,plexus
plym,polymorphic
pmp,pump
pneum,"pneumonia, pneumoniae"
pneumcoc,pneumococcal
PNF,proprioceptive neuromuscular facilitation
pntc,pontic
pod,podiatry
poisn,poisoning
polio,poliomyelitis
polish,polishing
polyarthr,polyarthritis
polypos,polyposis
popn,population
porcln,porcelain
pos,positive
post,posterior
posterupt,posteruptive
postinf,postinfective
postlateral,posterolateral
postmeningoc,postmeningococcal
postmenp,postmenopausal
postoophct,postoophorectomy
postop,postoperative
postproc,postprocedural
postprt,postpartum
postransl,postranslational
postrheum,postrheumatic
postrl,postural
postsurg,postsurgical
PP,polypectomy
PPIVMS,passive physiological intervertebral movements
prbroncl,peribronchial
prbulb,peribulbar
prdct,product
"pre/intra/postop","preoperative, intraoperative, postoperative"
precautn,precaution
precereb,precerebral
precs,precious
predom,"predominantly, predominance"
pre-exist,pre-existing
preg,pregnancy
prem,"premature, prematurity"
preocc,preoccupation
preop,preoperative
prep,"preparation, preparations, preparatory"
preproc,preprocedural
pre-proc,pre-procedural
preprolif,preproliferative
preretnl,preretinal
pres,presumed
prescrptn,prescription
present,presentation
preserve,preservation
presnc,presence
press,"pressure, pressurized"
pret,preterm
prev,previous
prim,"primary, primarily"
priv,private
prly,poorly
probs,problems
proc,"procedure, procedures"
proceed,proceeding
proces,processing
procrtv,procreative
proctcolecty,proctocolectomy
procure,procurement
product,production
profnd,profound
prog,programme
progn,prognosis
progress,progressive
progst,progesterone
prolf,"proliferative, proliferation"
prolps,"prolapse, prolapsed"
PROM,premature rupture of membranes
promtry,promontory
prophyltc,prophylactic
prost,prostate
prostaglndn,prostaglandin
prosth,"prosthesis, prosthetic"
prot,proteinuria
protect,protectant
protz,protozoa
protzl,protozoal
prov,"provision, provisional"
prowazeki,prowazekii
prplg,paraplegia
prstectmy,prostatectomy
prt,"part, partial"
prtpth,participation
prx,proximal
pscbd,prescribed
psdarthrs,pseudarthrosis
psdmyx,pseudomyxoma
psor,"psoriasis, psoriatic"
pstraum,post-traumatic
psyact,psychoactive
psych,psychotic
psychacoustc,psychoacoustic
psychdyslpt,psychodysleptic
psychiatrc,psychiatric
psychol,psychological
psychothpc,psychotherapeutic
psychstimt,psychostimulants
psycthpy,psychotherapy
psytrp,psychotropic
pt,patient
p-t,pull-through
PT,physiotherapy
PTA,percutaneous transluminal angioplasty
PTCA,Percutaneous transluminal coronary angioplasty
ptch,patch
PTCRA,percutaneous transluminal
PU,peptic ulcer
pub,public
puerp,puerperium
pully,pulley
pulm,pulmonary
pulsd,pulsed
punct,puncture
PUVA,psoralens and ultraviolet A
pvan,passenger van
pwr,"power, powered"
pyeloneph,pyelonephritis
pyeloplty,pyeloplasty
pyelosc,pyeloscopy
quadcps,quadriceps
quantfn,quantification
quantitatv,quantitative
R,right
"r/diff",rhabdomyoblastic differentiation
"R/O","removal, removal of"
"R/T",radiotherapy
RA,robotic-assisted
rad,radical
radiat,radiation
radiat-rel,radiation-related
radiclpth,radiculopathy
radioact,radioactive
radiofreq,radiofrequency
radiogr,radiography
radioisotop,radioisotope
radiol,radiological
radtr,radiator
RAEB,refractory anaemia with excess blasts
rail,railway
RCC,renal cell carcinoma
rcrd,"record, recording"
rdctn,reduction
rdge,ridge
rdl,radial
rdr,rider
rds,radius
react,"reaction, reactive"
readjt,re-adjustment
re-anstms,re-anastomosis
rearr,"rearrangement, rearranged"
reatchmt,re-attachment
rebond,rebonding
rec,recurrent
recesn,recession
recon,reconstruction
recr,receiver
rect,"rectum, rectal"
rectclcl,rectoclocacal
rectocut,rectocutaneous
recturth,rectourethral
rectvesc,rectovesical
rectvlvl,rectovulval
re-explor,re-exploration
reflux-ass,reflux-associated
refract,refractory
reg,regulating
regenertn,regeneration
registn,registration
regnl,regional
reguard,reguarding
rehab,"rehabilitaton, rehabilitative"
re-impl,re-implantation
reinfrcmt,reinforcement
re-ins,"re-insertion, reinsertion"
rejct,rejection
rel,"related, relating"
relatnshp,"relationship, relationships"
relig,"religion, religious"
reline,relining
reloc,relocation
rels,release
rem,remission
remain,remaining
remndr,remainder
remnrlstn,remineralisation
remv,removable
ren,renal
reop,"re-operation, reoperation"
reopn,"reopen, reopening"
rep,repair
replace,replacement
reposition,repositioning
reprod,reproductive
rept,repetitive
req,"required, requiring"
res,residual
resd,residential
resec,resection
resist,resistance
resorp,resorption
resp,respiratory
respn,"response, responses, responsive, responsiveness"
rest,resting
restor,restoration
resurf,resurfacing
resut,resuture
resv,reservoir
retain,retained
reticlr,reticular
reticulohist,reticulohistiocytic
retna,retina
retperitonm,retroperitoneum
retrac,retractors
retrain,retraining
retreatmt,retreatment
retrogd,retrograde
retrolbrnth,retrolabyrinthine
retromstd,retromastoid
retrpertnl,retroperitoneal
rev,revision
revascularsatn,revascularisation
revs,"reverse, reversal"
rg,regulation
rgn,"region, regions"
rhabmyosrcm,rhabdomyosarcoma
rheum,rheumatoid
rhm,"rheumatic, rheumatics"
rhnorrh,rhinorrhoea
"rl/ot",ruled out
rlrskates,roller-skates
rmd,remedying
rmi,rami
rollng,rolling
ROM,rupture of membranes
root,roots
rotatn,rotation
rotatnply,rotationplasty
RouxY,Roux-en-Y
RS,reproductive system
rtrbulb,retrobulbar
rtscp,"rectoscope, rectoscopy, rectoscopic, rectoscopically"
rupt,"rupture, ruptured"
Rx,"treatment, treatments, therapeutic, therapy"
"s/intest",small intestine
sacr,"sacrum, sacral"
sacrcocygl,sacrococcygeal
sal,salivary
salpgophcty,salpingo-oophorectomy
sampl,"sample, sampling"
saph,saphenous
saphofemor,sapheno-femoral
saphopoptl,sapheno-popliteal
sarcoid,sarcoidosis
SARS-CoV-2,severe acute respiratory syndrome coronavirus 2
sbc,"subcutaneous, subcutaneously"
sbx,subxyphoid
sc,stem cell
scan,scanner
scap,scapula
SCC,squamous cell carcinoma
schist,Schistosoma
schiz,schizophrenia
schl,school
school-rel,school-related
sclera,scleral
sclerotmy,sclerotomy
sclers,sclerosis
sclersg,sclerosing
sclios,scoliosis
scpmk,subcutaneous pacemaker
screen,screening
SCT,subcutaneous tissue
SCTP,"stem cell transplant, stem cell transplantation"
sctr,scooter
sdblst,"sideroblast, sideroblasts"
sdn,sedan
sec,secondary
secrtn,secretion
sect,section
sed,"sedative, sedatives"
sedatn,sedation
sed-hyp,sedative-hypnotic
seg,"segment, segmental"
sel,selective
selfpoisn,self-poisoning
self-sel,"self-select, self-selected"
sem ves,seminal vesicles
SEMLS,Single event multilevel surgery
semnl,seminal
sensorineur,sensorineural
sep,"separate, separated, separation"
seps,sepsis
sept,septum
seq,sequelae
seqtl,sequential
ser,serous
seropos,seropositive
serv,service
setg,setting
sev,severe
sex,sexual
sez,"seizure, seizures"
sft,soft
sgl,single
shk,shock
shold,shoulder
short,shortening
shp,ship
sht,sheath
shtgun,shotgun
SIADH,Syndrome of inappropriate secretion of antidiuretic hormone
SIDS,Sudden infant death syndrome
signif,"significant, significance"
simlr,similar
simp,simple
simplx,simplex
simultr,simulator
simults,simultaneous
sin,sinus
SIRS,Systemic inflammatory response syndrome
sit,"site, sites"
sk,skin
skel,"skeleton, skeletal"
sktebd,skateboard
s-l,Sertoli-Leydig
SLE,Systemic Lupus Erythematosus
sleep,sleeping
slf,self
slfhrm,self-harm
slg,sling
slip,slipped
sm,small
smllcalbr,small calibre
smth,smooth
snd,sound
SNS,sympathetic nervous system
solv,"solvent, solvents"
Sp,Speech
"sp/ab",spontaneous abortion
spasmlt,spasmolytic
spc,"space, spaces"
spec,"specified, specific, specification"
specl,special
specmn,specimen
SPECT,single photon emission computerised tomography
sperm,spermatic
SPET,single photon emission tomography
spfl,superficial
sphc,sphincter
sphendectmy,sphenoidectomy
spin,"spinal, spine"
splen,spleen
splint,splinting
spndl,spindle
spndyls,spondylosis
spondlpth,"spondylopathy, spondylopathies"
spont,spontaneous
spr,spiral
spread,spreading
sps,spouse
spt,"sport, sports"
sputm,sputum
squam,squamous
srcm,"sarcoma, sarcomas"
ssct,skin & subcutaneous tissue
SSG,Split skin graft
st,"state, stated"
stabilisatn,stabilisation
Staph,Staphylococcus
statnry,stationary
std,standard
stenos,stenosis
stereo,"stereotype, stereotyped"
stg,stage
stimlr,stimulator
stimt,"stimulant, stimulants"
stimtd,stimulated
stimtn,stimulation
sting,"sting, stinging"
stm,steam
stma,stoma
stmy,sternotomy
stngh,strength
stnt,"stent, stents"
stomch,stomach
store,storage
str,"structure, structures, structural"
strabms,strabismus
strangd,strangulated
strangltn,strangulation
strens,strenuous
Strep,"Streptococcus, Streptococcal"
stres,"stress, stressful"
strictr,stricture
strle,sterile
strlisn,sterilisation
strml,stromal
strptgrms,streptogramins
strscp,"stereoscope, stereoscopic, stereoscopically"
strt,street
stud,"study, studies"
sub,subtraction
subac,subacute
subacrom,subacromial
subarach,subarachnoid
subcapitl,subcapital
subclavn,subclavian
subcort,subcortical
subgingvl,subgingival
subjectv,subjective
sublux,subluxation
submrs,submersion
suboccptl,suboccipital
subpopn,subpopulations
subs,substances
subsqt,subsequent
subst,substitutes
substrc,substructure
subtot,subtotal
success,successful
suctn,suction
suffn,suffocation
sup,support
superimp,superimposed
supervsn,supervision
supostry,suppository
supovulatn,superovulation
support,supporting
suppuratve,suppurative
supr,superior
supratentor,supratentorial
surf,"surface, surfaces"
surg,"surgery, surgical, surgically"
survl,survival
suspect,suspected
suspnsn,suspension
sut,suture
SW,social work
swell,swelling
swim-pool,swimming-pool
sx,sex
sym,"symptom, symptoms, symptomatic"
synd,"syndrome, syndromes"
synovl,synovial
synovm,synovium
synthc,synthetic
synvit,synovitis
syrge,syringe
syrngcystadca,syringocystadenocarcinoma
sys,"system, systems"
systc,"systemic, systemically"
t,to
T & A,tonsillectomy & adenoidectomy
T2DM,Type 2 diabetes mellitus
tampnd,tamponade
TB,tuberculosis
TBA,transluminal balloon angioplasty
tbcc,tobacco
tbe,tube
tblr,tubular
t-cl,t-cell
tech,"technique, techniques"
technetm,technetium
technology,technologies
telangectses,telangiectases
temp,temperature
tempry,temporary
tend,"tendon, tendons"
tensynvit,tenosynovitis
termntn,termination
test,testing
tet,tetanus
tetplg,tetraplegia
thck,thickness
thgh,thigh
thioxanth,thioxanthene
thmy,thoracotomy
thor,thoracic
thoracoabdo,thoracoabdominal
thoragenic,thoracogenic
thorc-aortic,thoraco-aortic
thrmbectmy,thrombectomy
thrmblytc,thrombolytic
thromb,thrombosis
thrombophleb,thrombophebitis
thrpc,therapeutic
thrpy,"therapy, therapies"
thrshd,threshold
thru,through
thrx,thorax
thwd,thawed
thyrd,thyroid
thyrdecty,thyroidectomy
Ti,titanium
TIA,Transient Ischaemic Attack
tib,tibia
tibl,tibial
tight,tightening
tis,tissue
tl,tool
t-lke,thymus-like
tme,time
TMJ,temporomandibular joint
tmpl,temporal
tonsilectmy,tonsillectomy
top,topical
toph,tophaceous
tot,total
tox,toxic
tps,types
tr,tract
trabeculoply,trabeculoplasty
trach,trachea
trachoesph,tracheo-oesophageal
tractn,traction
"traff/non",traffic or nontraffic
traing,training
trans,transmitted
transect,transection
transfn,transfusion
transfus,transfused
transitnl,transitional
transloctn,translocation
transv,transverse
transvaginl,transvaginal
trau,trauma
traum,traumatic
trck,truck
trde,trade
trf,traffic
trigem,trigeminal
trnk,trunk
trns,"transient, transitory"
trnsantl,transantral
trnscath,transcatheter
trnscndlr,transcondylar
trnscran,transcranial
trnscut,transcutaneous
trnsfrm,transformation
trnsheptc,transhepatic
trnshtl,transhiatal
trnsjugular,transjugular
trnslbrnth,translabyrinthine
trnslml,transluminal
trnsmsn,transmission
trnsmstd,transmastoid
trnsoesphgl,transoesophageal
trnsperinl,transperineal
trnsphndl,transsphenoidal
trnsplnt,"transplant, transplanted, transplantation"
trnspltl,transpalatal
trnspostn,transposition
trnspt,transport
trnsrectl,transrectal
trnsthorc,transthoracic
trnsureth,transurethral
trnsven,transvenous
trsf,transfer
trt,"treat, treated"
TT,trans-trabecular
tth,"tooth, teeth"
tubrcul,tuberculous
tubulointerst,tubulo-interstitial
tum,tumour
tunica vaginl,tunica vaginalis
"tx/ef",toxic effect
"typh/paratyph",typhoid-paratyphoid
"u/b",ultrabrief
"u/l",ultra low
"u/s",ultrasound
"ub/m",uncertain whether benign or malignant
ulceratn,ulceration
ulcr,ulcer
ulcrtve,ulcerative
umb,umbilical
"un/ab",unspecified abortion
"un/stimulated",unstimulated or stimulated
unaccept,unacceptable
unavail,unavailability
uncont,uncontrolled
unconvention,unconventional
uncrt,uncertain
und,under
undet,undetermined
undiff,undifferentiated
undscd,undescended
unerptd,unerupted
uni,unilateral
unintent,unintentional
unintl,unintentional event
unk,unknown
unpowr,unpowered
unrel,unrelated
unseal,unsealed
unsp,"unspecified, not specified"
unstentd,unstented
unstim,unstimulated
unvenm,unvenomous
"up/m",uncertain whether primary or metastatic
upp,upper
UPP,urethral pressure profilometry
uptak,uptake
uretc,ureteric
ureterosc,ureteroscopy
ureth,urethral
urin,urinary
urol,urology
urt,urticating
URTI,upper respiratory tract infection
usg,using
UT,urinary tract
UV,ultraviolet
v,via
vacc,"vaccine, vaccines"
vaccinatn,vaccination
VAD,vascular access device
vag,"vagina, vaginal"
vaginits,vaginitis
vaginply,vaginoplasty
vagotmy,vagotomy
vags,vaginalis
VAIN III,Grade III intraepithelial neoplasia of vagina
val,valgus
valv,valve
vapr,vapour
var,variable
vas,vas deferens
vasc,vascular
vascularsd,vascularised
vce,voice
vctm,victim
veh,vehicle
ven,"vein, veins, venous"
venm,venomous
ventilatry,ventilatory
ventn,ventilation
ventric,ventricular
ventrl,ventricle
vert,"vertebrae, vertebral"
vesc,vesicle
vesl,"vessel, vessels"
vestib,vestibular
Vib,Vibrio
vidn,vidian
view,viewing
VIN III,Grade III intraepithelial neoplasia of vulva
virl,"viral, virus"
vis,visible
visc,visceral
vit,vitamin
vitr,vitreous
vitrl,vitreal
vocatn,"vocation, vocational"
vol,volume
VOR,vestibulo-ocular reflex
vrnt,variant
vs,"collision with, collision between"
VSD,ventricular septal defect
vtl,vital
vulvits,vulvitis
VV,varicose veins
w,with
wait,awaiting
wal,wall
water-bal,water-balance
whlchr,wheelchair
whle,whole
withdr,withdrawal
wk,"week, weeks"
wl,"wheel, wheeled"
wlmtrcyc,wheeled motorcycle
wlMV,wheeled motor vehicle
wnd,wound
wo,without
wrk,work
wrst,wrist
wtr,water
wtrcrft,watercraft
wtr-trnspt-rel,water-transport-related
wve,wave
yr,year
zoo,zoonotic
