sts_code_proc,sts_name_proc,sts_code_dx,sts_name_dx,epcc_code,epcc_name,comment
520,1 1/2 ventricular repair,4520,Status post - 1 1/2 ventricular repair,12.06.19,"1.5 ventricle repair: superior cavopulmonary (Glenn) anastomosis + right ventricular outflow tract reconstruction,",
1740,"Aneurysm, Pulmonary artery, Repair",5740,"Status post - Aneurysm, Pulmonary artery, Repair",12.15.24,"Pulmonary artery aneurysm repair,",
1730,"Aneurysm, Ventricular, Left, Repair",5730,"Status post - Aneurysm, Ventricular, Left, Repair",12.07.37,"Left ventricular procedure, Left ventricular aneurysm repair,",
1720,"Aneurysm, Ventricular, Right, Repair",5720,"Status post - Aneurysm, Ventricular, Right, Repair",12.06.38,"Right ventricular procedure, Right ventricular aneurysm repair,",
1305,Anomalous aortic origin of coronary artery from aorta (AAOCA) repair,5305,Status post - Anomalous aortic origin of coronary artery (AAOCA) repair,12.23.80,"Anomalous aortic origin of coronary artery repair,",
1291,Anomalous origin of coronary artery from pulmonary artery repair,5291,Status post - Anomalous origin of coronary artery from pulmonary artery repair,12.23.00,"Anomalous coronary artery (eg ALCAPA) repair,",
330,Anomalous systemic venous connection repair,4330,Status post - Anomalous systemic venous connection repair,12.00.81,"Systemic vein procedure, Anomalous systemic venous connection repair,",
1380,Aortic aneurysm repair,5380,Status post - Aortic aneurysm repair,12.16.42,"Aorta aneurysm repair,",
1280,Aortic arch repair,5280,Status post - Aortic arch repair,12.18.30,"Aortic arch repair,",
1285,Aortic arch repair + VSD repair,5285,Status post - Aortic arch repair + VSD repair,"12.18.30, 12.08.01",multiple_codes,
1390,Aortic dissection repair,5390,Status post - Aortic dissection repair,12.16.59,"Aortic dissection repair,",
715,"Aortic root replacement, Bioprosthetic",4715,"Status post - Aortic root replacement, Bioprosthetic",12.17.90,"Aortic root replacement (not Ross), Aortic root replacement using bioprosthesis,",
730,"Aortic root replacement, Homograft",4730,"Status post - Aortic root replacement, Homograft",12.16.63,"Aortic root replacement (not Ross), Aortic root replacement using homograft,",
720,"Aortic root replacement, Mechanical",4720,"Status post - Aortic root replacement, Mechanical",12.16.64,"Aortic root replacement (not Ross), Aortic root replacement using mechanical prosthesis,",
735,"Aortic root replacement, Valve sparing",4735,"Status post - Aortic root replacement, Valve sparing",12.17.91,"Aortic root replacement (not Ross), Aortic root replacement: valve sparing technique,",
2190,Aortic root translocation over left ventricle (Including Nikaidoh procedure),6190,Status post - Aortic root translocation over left ventricle (Including Nikaidoh procedure),12.27.78,"Aortic root translocation to over left ventricle (including Nikaidoh),",
780,"Aortic stenosis, Subvalvar, Repair",4780,"Status post - Aortic stenosis, Subvalvar, Repair",12.08.22,"Left ventricular outflow tract procedure, Left ventricular outflow tract obstruction relief, Subaortic obstruction relief,",
2100,"Aortic stenosis, Subvalvar, Repair, With myectomy for IHSS",6100,"Status post - Aortic stenosis, Subvalvar, Repair, With myectomy for IHSS",12.07.11,"Left ventricular outflow tract procedure, Left ventricular outflow tract obstruction relief, Left ventricular outflow tract myectomy-myotomy,",
790,"Aortic stenosis, Supravalvar, Repair",4790,"Status post - Aortic stenosis, Supravalvar, Repair",12.16.40,"Supravalvar aortic stenosis repair,",
1365,Aortopexy,5365,Status post - Aortopexy,12.17.31,"Aortopexy,",
210,AP window repair,4210,Status post - AP window repair,12.12.01,"Aortopulmonary window closure,",
1490,"Arrhythmia surgery - atrial, Surgical Ablation",5490,"Status post - Arrhythmia surgery - atrial, Surgical Ablation",12.35.80,"Arrhythmia surgical procedure, Surgical ablation procedure for atrial arrhythmia,",
1500,"Arrhythmia surgery - ventricular, Surgical Ablation",5500,"Status post - Arrhythmia surgery - ventricular, Surgical Ablation",12.35.81,"Arrhythmia surgical procedure, Surgical ablation procedure for ventricular arrhythmia,",
1110,Arterial switch operation (ASO),5110,Status post - Arterial switch operation (ASO),12.29.21,"Arterial switch procedure,",
1120,Arterial switch operation (ASO) and VSD repair,5120,Status post - Arterial switch operation (ASO) and VSD repair,"12.29.21, 12.08.01",multiple_codes,
1123,Arterial switch procedure + Aortic arch repair,5123,Status post - Arterial switch procedure + Aortic arch repair,"12.29.21, 12.18.30",multiple_codes,
1125,Arterial switch procedure and VSD repair + Aortic arch repair,5125,Status post - Arterial switch procedure and VSD repair + Aortic arch repair,"12.29.21, 12.08.01, 12.18.30",multiple_codes,
60,ASD creation/enlargement,4060,Status post - ASD creation/enlargement,12.01.90,"Interatrial communication creation-enlargement,",
70,ASD partial closure,4070,Status post - ASD partial closure,12.01.08,"Atrial septal defect (ASD) secundum closure, Interatrial communication closure: partial,",
40,"ASD repair, Device",4040,"Status post - ASD repair, Device",12.01.06,"Atrial septal defect (ASD) secundum closure with transluminal device,",
30,"ASD repair, Patch",4030,"Status post - ASD repair, Patch",12.01.03,"Atrial septal defect (ASD) secundum closure, Atrial septal defect (ASD) secundum closure with patch,",
2110,"ASD repair, Patch + PAPVC repair",6110,"Status post - ASD repair, Patch + PAPVC repair","12.01.03, 12.00.02",multiple_codes,
20,"ASD repair, Primary closure",4020,"Status post - ASD repair, Primary closure",12.01.02,"Atrial septal defect (ASD) secundum closure, Atrial septal defect (ASD) secundum closure with direct suture,",
50,"ASD, Common atrium (single atrium), Septation",4050,"Status post - ASD, Common atrium (single atrium), Septation",12.01.22,"Atrial septation procedure,",
310,"Atrial baffle procedure (non-Mustard, non-Senning)",4310,"Status post - Atrial baffle procedure (non-Mustard, non-Senning)",12.01.57,"Atrial baffle procedure,",
1145,"Atrial baffle procedure, Mustard or Senning revision",5145,"Status post - Atrial baffle procedure, Mustard or Senning revision",12.29.79,"Atrial inversion procedure (Mustard or Senning) revision,",
80,Atrial septal fenestration,4080,Status post - Atrial septal fenestration,12.30.20,"Interatrial communication creation-enlargement, Fenestration of atrial septum,",
170,"AVC (AVSD) repair, Complete (CAVSD)",4170,"Status post - AVC (AVSD) repair, Complete (CAVSD)",12.05.01,"Atrioventricular septal defect procedure, Atrioventricular septal defect (AVSD): complete (common valve orifice) repair,",
180,"AVC (AVSD) repair, Intermediate (Transitional)",4180,"Status post - AVC (AVSD) repair, Intermediate (Transitional)",12.05.10,"Atrioventricular septal defect procedure, Atrioventricular septal defect (AVSD): 'intermediate' repair,",
190,"AVC (AVSD) repair, Partial (Incomplete) (PAVSD)",4190,"Status post - AVC (AVSD) repair, Partial (Incomplete) (PAVSD)",12.04.01,"Atrioventricular septal defect procedure, Atrioventricular septal defect (AVSD): partial (primum ASD) repair,",
1670,Bidirectional cavopulmonary anastomosis (BDCPA) (bidirectional Glenn),5670,Status post - Bidirectional cavopulmonary anastomosis (BDCPA) (bidirectional Glenn),12.31.11,"Bidirectional superior cavopulmonary (Glenn) anastomosis,",
1690,Bilateral bidirectional cavopulmonary anastomosis (BBDCPA) (bilateral bidirectional Glenn),5690,Status post - Bilateral bidirectional cavopulmonary anastomosis (BBDCPA) (bilateral bidirectional Glenn),12.31.44,"Bilateral bidirectional superior cavopulmonary (Glenn) anastomoses,",
1870,Bronchoscopy,5870,Status post - Bronchoscopy,12.64.00,"Bronchoscopy,",
1950,Bypass for noncardiac lesion,5950,Status post - Bypass for noncardiac lesion,12.00.92,"Cardiopulmonary bypass for non-cardiac lesion,",
2010,"Cardiac procedure, Other",6010,"Status post - Cardiac procedure, Other",12.32.21,"Cardiac procedure,",
1760,Cardiac tumor resection,5760,Status post - Cardiac tumor resection,12.32.10,"Heart tumour resection,",
2000,"Cardiotomy, Other",6000,"Status post - Cardiotomy, Other",12.40.99,"Cardiac incision,",
2500,"Cardiovascular catheterization procedure, Diagnostic",6500,"Status post - Cardiovascular catheterization procedure, Diagnostic",13.05.01,"Diagnostic cardiovascular catheterisation procedure,",
2520,"Cardiovascular catheterization procedure, Diagnostic, Angiographic data obtained",6520,"Status post - Cardiovascular catheterization procedure, Diagnostic, Angiographic data obtained",13.05.05,"Diagnostic cardiovascular catheterisation procedure: angiographic data obtained,",
2550,"Cardiovascular catheterization procedure, Diagnostic, Electrophysiology alteration",6550,"Status post - Cardiovascular catheterization procedure, Diagnostic, Electrophysiology alteration",13.05.08,"Diagnostic cardiovascular catheterisation procedure with electrophysiological alteration (challenge),",
2540,"Cardiovascular catheterization procedure, Diagnostic, Hemodynamic alteration",6540,"Status post - Cardiovascular catheterization procedure, Diagnostic, Hemodynamic alteration",13.05.07,"Diagnostic cardiovascular catheterisation procedure with haemodynamic alteration (challenge),",
2510,"Cardiovascular catheterization procedure, Diagnostic, Hemodynamic data obtained",6510,"Status post - Cardiovascular catheterization procedure, Diagnostic, Hemodynamic data obtained",13.05.06,"Diagnostic cardiovascular catheterisation procedure: haemodynamic data obtained,",
2530,"Cardiovascular catheterization procedure, Diagnostic, Transluminal test occlusion",6530,"Status post - Cardiovascular catheterization procedure, Diagnostic, Transluminal test occlusion",12.45.07,"Transluminal diagnostic test occlusion,",
2410,"Cardiovascular catheterization procedure, Therapeutic",6410,"Status post - Cardiovascular catheterization procedure, Therapeutic",12.45.28,"Therapeutic cardiovascular catheter procedure,",
2670,"Cardiovascular catheterization procedure, Therapeutic, Adjunctive therapy",6670,"Status post - Cardiovascular catheterization procedure, Therapeutic, Adjunctive therapy",12.45.59,"Transluminal procedure using adjunctive therapy,",
1540,"Cardiovascular catheterization procedure, Therapeutic, Balloon dilation",6570,"Status post - Cardiovascular catheterization procedure, Therapeutic, Balloon dilation",12.45.12,"Balloon dilation,",
2590,"Cardiovascular catheterization procedure, Therapeutic, Balloon valvotomy",6590,"Status post - Cardiovascular catheterization procedure, Therapeutic, Balloon valvotomy",12.45.21,"Balloon dilation of valve,",
1580,"Cardiovascular catheterization procedure, Therapeutic, Coil implantation",6600,"Status post - Cardiovascular catheterization procedure, Therapeutic, Coil implantation",12.45.14,"Cardiovascular catheterisation occlusion procedure with coil,",
1560,"Cardiovascular catheterization procedure, Therapeutic, Device implantation",6610,"Status post - Cardiovascular catheterization procedure, Therapeutic, Device implantation",12.45.13,"Transluminal device implantation,",
3110,"Cardiovascular catheterization procedure, Therapeutic, Device implantation attempted",7110,"Status post - Cardiovascular catheterization procedure, Therapeutic, Device implantation attempted",ERROR,,Will be rare - should always be more specific - eg ASD/PFO/PDA etc
2690,"Cardiovascular catheterization procedure, Therapeutic, Electrophysiological ablation.",6690,"Status post - Cardiovascular catheterization procedure, Therapeutic, Electrophysiological ablation",12.38.40,"Transluminal ablation procedure for arrhythmia,",
3120,"Cardiovascular catheterization procedure, Therapeutic, Intravascular foreign body removal",7120,"Status post - Cardiovascular catheterization procedure, Therapeutic, Intravascular foreign body removal",12.45.04,"Transluminal retrieval of device or foreign body,",
2640,"Cardiovascular catheterization procedure, Therapeutic, Perforation (establishing interchamber and/or intervessel communication)",6640,"Status post - Cardiovascular catheterization procedure, Therapeutic, Perforation (establishing interchamber and/or intervessel communication)",12.45.58,"Transluminal therapeutic perforation to establish interchamber and/or intervessel communication,",
1550,"Cardiovascular catheterization procedure, Therapeutic, Stent insertion",6620,"Status post - Cardiovascular catheterization procedure, Therapeutic, Stent insertion",12.45.11,"Stent placement,",
2630,"Cardiovascular catheterization procedure, Therapeutic, Stent re-dilation",6630,"Status post - Cardiovascular catheterization procedure, Therapeutic, Stent re-dilation",12.45.10,"Stent redilation,",
2650,"Cardiovascular catheterization procedure, Therapeutic, Transcatheter Fontan completion",6650,"Status post - Cardiovascular catheterization procedure, Therapeutic, Transcatheter Fontan completion",12.30.60,"Completion of total cavopulmonary connection (TCPC) using transcatheter inferior to superior caval vein covered stent,",
2660,"Cardiovascular catheterization procedure, Therapeutic, Transcatheter implantation of valve",6660,"Status post - Cardiovascular catheterization procedure, Therapeutic, Transcatheter implantation of valve",12.45.15,"Transluminal implantation of valve,",
1275,Coarctation repair + VSD repair,5275,Status post - Coarctation repair + VSD repair,"12.18.00, 12.08.01",multiple_codes,
3460,"Coarctation repair, Descending aorta anastomosed to Ascending aorta",7460,"Status post - Coarctation repair, Descending aorta anastomosed to Ascending aorta",12.18.00,"Aortic arch repair, Coarctation-hypoplasia of aorta repair,",
1210,"Coarctation repair, End to end",5210,"Status post - Coarctation repair, End to end",12.18.01,"Aortic arch repair, Coarctation-hypoplasia of aorta repair, Aortic coarctation-hypoplasia repair by resection & end to end anastomosis,",
1220,"Coarctation repair, End to end, Extended",5220,"Status post - Coarctation repair, End to end, Extended",12.18.10,"Aortic arch repair, Coarctation-hypoplasia of aorta repair, Aortic coarctation-hypoplasia repair by resection & extended end to end anastomosis,",
3470,"Coarctation repair, Extra-anatomic Bypass graft",7470,"Status post - Coarctation repair, Extra-anatomic Bypass graft",12.18.00,"Aortic arch repair, Coarctation-hypoplasia of aorta repair,",
1250,"Coarctation repair, Interposition graft",5250,"Status post - Coarctation repair, Interposition graft",12.18.15,"Aortic arch repair, Coarctation-hypoplasia of aorta repair, Aortic coarctation-hypoplasia repair by resection & insertion of tube graft,",
1260,"Coarctation repair, Other",5260,"Status post - Coarctation repair, Other",12.18.00,"Aortic arch repair, Coarctation-hypoplasia of aorta repair,",
1240,"Coarctation repair, Patch aortoplasty",5240,"Status post - Coarctation repair, Patch aortoplasty",12.18.02,"Aortic arch repair, Coarctation-hypoplasia of aorta repair, Aortic coarctation-hypoplasia repair by patch aortoplasty,",
1230,"Coarctation repair, Subclavian flap",5230,"Status post - Coarctation repair, Subclavian flap",12.18.03,"Aortic arch repair, Coarctation-hypoplasia of aorta repair, Aortic coarctation-hypoplasia repair by subclavian flap aortoplasty,",
2755,Conduit insertion right ventricle to pulmonary artery + Intraventricular tunnel left ventricle to neoaorta + Arch reconstruction (Rastelli and Norwood type arch reconstruction) (Yasui),6755,Status post - Conduit insertion right ventricle to pulmonary artery + Intraventricular tunnel left ventricle to neoaorta + Arch reconstruction (Rastelli and Norwood type arch reconstruction) (Yasui),12.10.00,"Norwood type procedure,",
620,"Conduit placement, LV to PA",4620,"Status post - Conduit placement, LV to PA",12.36.02,"Conduit construction procedure, Left ventricle to pulmonary artery conduit construction,",
1772,"Conduit placement, Other",5772,"Status post - Conduit placement, Other",12.36.00,"Conduit construction procedure,",
610,"Conduit placement, RV to PA",4610,"Status post - Conduit placement, RV to PA",12.06.43,"Conduit construction procedure, Right ventricle to pulmonary artery valveless conduit construction (Japanese modification: 'Sano') as part of Norwood procedure,",
1774,"Conduit placement, Ventricle to aorta",5774,"Status post - Conduit placement, Ventricle to aorta",12.36.35,"Conduit construction procedure, Ventricle to aorta conduit construction,",
580,Conduit reoperation,4580,Status post - Conduit reoperation,12.36.10,"Procedure involving constructed cardiac conduit-shunt, Replacement of cardiac conduit,",
1050,"Congenitally corrected TGA repair, Atrial switch and ASO (double switch)",5050,"Status post - Congenitally corrected TGA repair, Atrial switch and ASO (double switch)",12.29.25,"Arterial switch & atrial inversion procedures ('double switch'),",
1060,"Congenitally corrected TGA repair, Atrial switch and Rastelli",5060,"Status post - Congenitally corrected TGA repair, Atrial switch and Rastelli",12.29.26,"Atrial inversion and Rastelli procedures,",
1090,"Congenitally corrected TGA repair, Other",5090,"Status post - Congenitally corrected TGA repair, Other",12.27.46,"Congenitally corrected transposition of great arteries repair,",
1070,"Congenitally corrected TGA repair, VSD closure",5070,"Status post - Congenitally corrected TGA repair, VSD closure","12.27.46, 12.08.01",multiple_codes,
1080,"Congenitally corrected TGA repair, VSD closure and LV to PA conduit",5080,"Status post - Congenitally corrected TGA repair, VSD closure and LV to PA conduit","12.27.46, 12.08.01",multiple_codes,
290,Cor triatriatum repair,4290,Status post - Cor triatriatum repair,12.01.31,"Left atrial procedure, Cor triatriatum (divided left atrium) repair,",
1300,Coronary artery bypass,5300,Status post - Coronary artery bypass,12.23.08,"Coronary arterial bypass graft (CABG) procedure,",
1290,Coronary artery fistula ligation,5290,Status post - Coronary artery fistula ligation,12.23.11,"Coronary fistula procedure, Ligation of coronary fistula,",
1310,"Coronary artery procedure, Other",5310,"Status post - Coronary artery procedure, Other",12.23.09,"Coronary arterial procedure,",
1660,Damus-Kaye-Stansel procedure (DKS) (creation of AP anastomosis without arch reconstruction),5660,Status post - Damus-Kaye-Stansel procedure (DKS) (creation of AP anastomosis without arch reconstruction),12.09.03,"Damus-Kaye-Stansel type procedure: pulmonary trunk to aorta end/side anastomosis,",
570,DCRV repair,4570,Status post - DCRV repair,12.06.35,"Right ventricular procedure, Double chambered right ventricle repair,",
1840,Decortication,5840,Status post - Decortication,12.66.01,"Lung procedure, Lung decortication,",
1960,Delayed sternal closure,5960,Status post - Delayed sternal closure,12.65.60,"Postoperative procedure, Delayed closure of sternum,",
1880,Diaphragm plication,5880,Status post - Diaphragm plication,12.32.70,"Postoperative procedure, Plication of hemidiaphragm,",
1890,"Diaphragm procedure, Other",5890,"Status post - Diaphragm procedure, Other",12.32.29,"Diaphragm procedure,",
3040,"Division of scalenus anticus, With resection of a cervical rib",7040,"Status post - Division of scalenus anticus, With resection of a cervical rib",EXCLUDE,,Irrelevant
3050,"Division of scalenus anticus, Without resection of a cervical rib",7050,"Status post - Division of scalenus anticus, Without resection of a cervical rib",EXCLUDE,,Irrelevant
1200,DOLV repair,5200,Status post - DOLV repair,12.27.50,"Double outlet left ventricle repair,",
3450,DORV - AVC (AVSD) repair,7450,Status post - DORV - AVC (AVSD) repair,"12.29.20, 12.04.00",multiple_codes,
3410,"DORV repair, No Ventriculotomy",7410,"Status post - DORV repair, No Ventriculotomy",12.29.20,"Double outlet right ventricle repair,",
3440,"DORV repair, RV-PA conduit",7440,"Status post - DORV repair, RV-PA conduit",12.29.20,"Double outlet right ventricle repair,",
3420,"DORV repair, Ventriculotomy, Nontransannular patch",7420,"Status post - DORV repair, Ventriculotomy, Nontransannular patch",12.29.20,"Double outlet right ventricle repair,",
3430,"DORV repair, Ventriculotomy, Transannular patch",7430,"Status post - DORV repair, Ventriculotomy, Transannular patch",12.29.20,"Double outlet right ventricle repair,",
1180,"DORV, Intraventricular tunnel repair",5180,"Status post - DORV, Intraventricular tunnel repair",12.27.02,"Double outlet right ventricle repair, Double outlet right ventricle repair with intraventricular tunnel,",
3400,Double root translocation,7400,Status post - Double root translocation,12.29.21,"Arterial switch procedure,",
465,Ebstein's repair,4465,Status post - Ebstein's repair,12.02.09,"Tricuspid valvar procedure, Ebstein malformation of tricuspid valve repair,",
2420,"Echocardiography procedure, Sedated transesophageal echocardiogram",6420,"Status post - Echocardiography procedure, Sedated transesophageal echocardiogram",EXCLUDE,,Irrelevant
2430,"Echocardiography procedure, Sedated transthoracic echocardiogram",6430,"Status post - Echocardiography procedure, Sedated transthoracic echocardiogram",EXCLUDE,,Irrelevant
2360,ECMO cannulation,6360,Status post - ECMO cannulation,12.87.28,"Cardiac support procedure, Procedure involving Extracorporeal Membrane Oxygenation (ECMO) circuitry,",
2370,ECMO decannulation,6370,Status post - ECMO decannulation,12.87.45,"Cardiac support procedure, Take down (decannulation) of Extracorporeal Membrane Oxygenation (ECMO) circuitry,",
1910,ECMO procedure,5910,Status post - ECMO procedure,12.87.28,"Cardiac support procedure, Procedure involving Extracorporeal Membrane Oxygenation (ECMO) circuitry,",
1850,Esophageal procedure,5850,Status post - Esophageal procedure,12.80.01,"Oesophageal procedure,",
2350,Explantation of pacing system,6350,Status post - Explantation of pacing system,12.35.14,"Removal of complete implanted cardiac pacemaker system,",
3380,"Extended Ventricular Septoplasty (modified Konno, VSD creation and patch enlargement of LVOT, sparing aortic valve) for tunnel type sub aortic stenosis",7380,"Status post - Extended Ventricular Septoplasty (modified Konno, VSD creation and patch enlargement of LVOT, sparing aortic valve) for tunnel type sub aortic stenosis",12.07.12,"Left ventricular outflow tract procedure, Left ventricular outflow tract obstruction relief, Left ventricular outflow tract obstruction relief: complex (Konno etc),",
2340,Fontan + Atrioventricular valvuloplasty,6340,Status post - Fontan + Atrioventricular valvuloplasty,"12.30.01, 12.48.01",multiple_codes,
960,"Fontan, Atrio-ventricular connection",4960,"Status post - Fontan, Atrio-ventricular connection",12.30.13,"Fontan type procedure, Fontan procedure with atrioventricular connection,",
1030,"Fontan, Other",5030,"Status post - Fontan, Other",12.30.01,"Fontan type procedure,",
1000,"Fontan, TCPC, External conduit, Fenestrated",5000,"Status post - Fontan, TCPC, External conduit, Fenestrated",12.30.05,"Fontan type procedure, Total cavopulmonary connection (TCPC) using extracardiac inferior caval vein (IVC)-pulmonary artery conduit with fenestration,",
3310,"Fontan, TCPC, External conduit, Hepatic veins to pulmonary artery, Fenestrated",7310,"Status post - Fontan, TCPC, External conduit, hepatic veins to pulmonary artery, Fenestrated",12.30.05,"Fontan type procedure, Total cavopulmonary connection (TCPC) using extracardiac inferior caval vein (IVC)-pulmonary artery conduit with fenestration,",
3320,"Fontan, TCPC, External conduit, Hepatic veins to pulmonary artery, Nonfenestrated",7320,"Status post - Fontan, TCPC, External conduit, hepatic veins to pulmonary artery, Nonfenestrated",12.30.18,,
1010,"Fontan, TCPC, External conduit, Nonfenestrated",5010,"Status post - Fontan, TCPC, External conduit, Nonfenestrated",12.30.54,"Fontan type procedure, Total cavopulmonary connection (TCPC) using extracardiac inferior caval vein (IVC)-pulmonary artery conduit,",
2780,"Fontan, TCPC, Intra/extracardiac conduit, Fenestrated",6780,"Status post - Fontan, TCPC, Intra/extracardiac conduit, Fenestrated",12.30.06,"Fontan type procedure, Total cavopulmonary connection (TCPC) with fenestrated lateral atrial tunnel,",
2790,"Fontan, TCPC, Intra/extracardiac conduit, Nonfenestrated",6790,"Status post - Fontan, TCPC, Intra/extracardiac conduit, Nonfenestrated",12.30.28,"Fontan type procedure, Fontan-type connection without fenestration,",
970,"Fontan, TCPC, Lateral tunnel, Fenestrated",4970,"Status post - Fontan, TCPC, Lateral tunnel, Fenestrated",12.30.06,"Fontan type procedure, Total cavopulmonary connection (TCPC) with fenestrated lateral atrial tunnel,",
980,"Fontan, TCPC, Lateral tunnel, Nonfenestrated",4980,"Status post - Fontan, TCPC, Lateral tunnel, Nonfenestrated",12.30.28,"Fontan type procedure, Fontan-type connection without fenestration,",
1680,Glenn (unidirectional cavopulmonary anastomosis) (unidirectional Glenn),5680,Status post - Glenn (unidirectional cavopulmonary anastomosis) (unidirectional Glenn),12.31.45,"Unidirectional superior cavopulmonary (Glenn) anastomosis,",
1700,HemiFontan,5700,Status post - HemiFontan,12.31.15,"Hemi-Fontan procedure,",
3140,"Hepatic vein to azygous vein connection, Direct",7140,"Status post - Hepatic vein to azygous vein connection, Direct",EXCLUDE,,"Too rare, no applicable EPCC code"
3150,"Hepatic vein to azygous vein connection, Interposition graft",7150,"Status post - Hepatic vein to azygous vein connection, Interposition graft",EXCLUDE,,"Too rare, no applicable EPCC code"
880,HLHS biventricular repair,4880,Status post - HLHS biventricular repair,12.10.05,"Hypoplastic left heart biventricular repair,",
2160,"Hybrid Approach ""Stage 1"", Application of RPA & LPA bands",6160,"Status post - Hybrid Approach ""Stage 1"", Application of RPA & LPA bands",12.20.21,"Hypoplastic left heart syndrome hybrid strategy (transcatheter & surgery),",
2170,"Hybrid Approach ""Stage 1"", Stent placement in arterial duct (PDA)",6170,"Status post - Hybrid Approach ""Stage 1"", Stent placement in arterial duct (PDA)",12.20.21,"Hypoplastic left heart syndrome hybrid strategy (transcatheter & surgery),",
2180,"Hybrid Approach ""Stage 1"", Stent placement in arterial duct (PDA) + application of RPA & LPA bands",6180,"Status post - Hybrid Approach ""Stage 1"", Stent placement in arterial duct (PDA) + application of RPA & LPA bands",12.10.04,"Application of bilateral pulmonary arterial bands & transcatheter placement of stent in arterial duct,",
2140,"Hybrid approach ""Stage 2"", Aortopulmonary amalgamation + Superior Cavopulmonary anastomosis(es) + PA Debanding + Aortic arch repair (Norwood [Stage 1] + Superior Cavopulmonary anastomosis(es) + PA Debanding)",6140,"Status post - Hybrid approach ""Stage 2"", Aortopulmonary amalgamation + Superior Cavopulmonary anastomosis(es) + PA Debanding + Aortic arch repair (Norwood [Stage 1] + Superior Cavopulmonary anastomosis(es) + PA Debanding)",12.20.23,"Hypoplastic left heart syndrome hybrid approach (transcatheter & surgery) 'stage 2':  aortopulmonary amalgamation + superior cavopulmonary anastomosis(es) + debanding of pulmonary arteries + arch repair,",
2150,"Hybrid approach ""Stage 2"", Aortopulmonary amalgamation + Superior Cavopulmonary anastomosis(es) + PA Debanding + Without aortic arch repair",6150,"Status post - Hybrid approach ""Stage 2"", Aortopulmonary amalgamation + Superior Cavopulmonary anastomosis(es) + PA Debanding + Without aortic arch repair",12.20.22,"Hypoplastic left heart syndrome hybrid approach (transcatheter & surgery) 'stage 2':  aortopulmonary amalgamation + superior cavopulmonary anastomosis(es) + debanding of pulmonary arteries,",
2760,"Hybrid Approach, Transcardiac balloon dilation",6760,"Status post - Hybrid Approach, Transcardiac balloon dilation",EXCLUDE,,Too non-specific
2770,"Hybrid Approach, Transcardiac transcatheter device placement",6770,"Status post - Hybrid Approach, Transcardiac transcatheter device placement",EXCLUDE,,Too non-specific
2930,Hyoid myotomy and suspension,6930,Status post - Hyoid myotomy and suspension,EXCLUDE,,Irrelevant
1320,Interrupted aortic arch repair,5320,Status post - Interrupted aortic arch repair,12.21.00,"Aortic arch repair, Interrupted aortic arch repair,",
3180,Intravascular stent removal,7180,Status post - Intravascular stent removal,EXCLUDE,,No EPCC equivalent
3160,Kawashima operation (superior cavopulmonary connection in setting of interrupted IVC with azygous continuation),7160,Status post - Kawashima operation (superior cavopulmonary connection in setting of interrupted IVC with azygous continuation),12.00.39,"Systemic vein procedure, Superior caval vein (SVC) procedure,",Closest
750,Konno procedure,4750,Status post - Konno procedure,12.16.62,"Ross-Konno procedure,",
1790,"Ligation, Pulmonary artery",5790,"Status post - Ligation, Pulmonary artery",12.14.31,"Pulmonary artery ligation,",
1830,"Ligation, Thoracic duct",5830,"Status post - Ligation, Thoracic duct",EXCLUDE,,No EPCC equivalent
1400,Lung biopsy,5400,Status post - Lung biopsy,12.32.06,"Lung procedure, Lung biopsy procedure,",
3390,LV Endocardial Fibroelastosis resection,7390,Status post - LV Endocardial Fibroelastosis resection,EXCLUDE,,Not CHD
820,LV to aorta tunnel repair,4820,Status post - LV to aorta tunnel repair,12.16.90,"Aorto-left ventricular tunnel closure,",
1970,Mediastinal exploration,5970,Status post - Mediastinal exploration,12.65.05,"Mediastinal procedure, Mediastinal exploration,",
2040,"Miscellaneous procedure, Other",6040,"Status post - Miscellaneous procedure, Other",EXCLUDE,,Irrelevant
840,"Mitral stenosis, Supravalvar mitral ring repair",4840,"Status post - Mitral stenosis, Supravalvar mitral ring repair",12.01.32,"Supra-mitral valvar LA-ring excision,",
2940,"Muscle flap, Neck",6940,"Status post - Muscle flap, Neck",EXCLUDE,,Irrelevant
2800,"Muscle flap, Trunk (i.e. intercostal, pectus, or serratus muscle)",6800,"Status post - Muscle flap, Trunk (i.e. intercostal, pectus, or serratus muscle)",EXCLUDE,,Irrelevant
2810,"Muscle flap, Trunk (i.e. latissimus dorsi)",6810,"Status post - Muscle flap, Trunk (i.e. latissimus dorsi)",EXCLUDE,,Irrelevant
1140,Mustard,5140,Status post - Mustard,12.29.02,"Mustard procedure (atrial inversion),",
2435,"Non-cardiovascular, Non-thoracic procedure on cardiac patient with cardiac anesthesia",6435,"Status post - Non-cardiovascular, Non-thoracic procedure on cardiac patient with cardiac anesthesia",12.33.53,"Non-cardiothoracic-vascular procedure on cardiac patient under cardiac anaesthesia,",
870,Norwood procedure,4870,Status post - Norwood procedure,12.10.00,"Norwood type procedure,",
450,Occlusion of MAPCA(s),4450,Status post - Occlusion of MAPCA(s),12.25.18,"Systemic-to-pulmonary collateral artery(ies) (MAPCA(s)) occlusion,",
7810,Operation aborted after skin incision,,,EXCLUDE,,Irrelevant
7800,Operation canceled before skin incision,,,EXCLUDE,,Irrelevant
2050,Organ procurement,,,12.37.70,"Organ procurement for transplantation,",
770,Other annular enlargement procedure,4770,Status post - Other annular enlargement procedure,EXCLUDE,,Irrelevant
3200,PA band adjustment,7200,Status post - PA band adjustment,12.14.08,"Open adjustment of pulmonary trunk band,",
1650,PA debanding,5650,Status post - PA debanding,12.14.03,"Pulmonary trunk band removal (de-band),",
540,"PA, reconstruction (plasty), Branch, Central (within the hilar bifurcation)",4540,"Status post - PA, reconstruction (plasty), Branch, Central (within the hilar bifurcation)",12.14.21,"Pulmonary arterioplasty/ reconstruction, Pulmonary arterioplasty/ reconstruction: central (proximal to hilar bifurcation),",
550,"PA, reconstruction (plasty), Branch, Peripheral (at or beyond the first lobar branch)",4550,"Status post - PA, reconstruction (plasty), Branch, Peripheral (at or beyond the first lobar branch)",12.14.22,"Pulmonary arterioplasty/ reconstruction, Pulmonary arterioplasty/ reconstruction: peripheral (at-beyond hilar bifurcation),",
3360,"PA, reconstruction (plasty), Branch, Peripheral (at or beyond the first lobar branch, beyond the first segmental branch)",7360,"Status post - PA, reconstruction (plasty), Branch, Peripheral (at or beyond the first lobar branch, beyond the first segmental branch)",12.14.20,"Pulmonary arterioplasty/ reconstruction,",
3350,"PA, reconstruction (plasty), Branch, Peripheral (at or beyond the first lobar branch, proximal to first segmental branch)",7350,"Status post - PA, reconstruction (plasty), Branch, Peripheral (at or beyond the first lobar branch, proximal to first segmental branch)",12.14.20,"Pulmonary arterioplasty/ reconstruction,",
530,"PA, reconstruction (plasty), Main (trunk)",4530,"Status post - PA, reconstruction (plasty), Main (trunk)",12.14.01,"Pulmonary trunk arterioplasty,",
1710,"Palliation, Other",5710,"Status post - Palliation, Other",12.43.25,"Palliative procedure,",
260,PAPVC repair,4260,Status post - PAPVC repair,12.00.02,"Partially anomalous pulmonary venous connection repair,",
2120,"PAPVC repair, Baffle redirection to left atrium with systemic vein translocation (Warden) (SVC sewn to right atrial appendage)",6120,"Status post - PAPVC repair, Baffle redirection to left atrium with systemic vein translocation (Warden) (SVC sewn to right atrial appendage)",12.00.78,"Partially anomalous pulmonary venous connection repair, Partially anomalous pulmonary venous connection repair: baffle redirection to left atrium & systemic vein translocated to right atrial appendage (Warden),",
270,"PAPVC, Scimitar, Repair",4270,"Status post - PAPVC, Scimitar, Repair",12.00.17,"Partially anomalous pulmonary venous connection repair, Scimitar syndrome (partially anomalous pulmonary venous connection) repair,",
910,Partial left ventriculectomy (LV volume reduction surgery) (Batista),4910,Status post - Partial left ventriculectomy (LV volume reduction surgery) (Batista),12.07.38,"Left ventricular procedure, Partial left ventriculectomy-volume reduction (Batista),",
1330,"PDA closure, Surgical",5330,"Status post - PDA closure, Surgical",12.24.20,"Arterial duct-ligament procedure, Arterial duct (PDA) closure, Patent arterial duct (PDA) closure: surgical,",
2990,Pectus bar removal,6990,Status post - Pectus bar removal,EXCLUDE,,Irrelevant
3000,Pectus bar repositioning,7005,Status post - Pectus bar repositioning,EXCLUDE,,Irrelevant
3010,"Pectus repair, Minimally invasive repair (Nuss), With thoracoscopy",7010,"Status post - Pectus repair, Minimally invasive repair (Nuss), With thoracoscopy",EXCLUDE,,Not CHD
3020,"Pectus repair, Minimally invasive repair (Nuss), Without thoracoscopy",7020,"Status post - Pectus repair, Minimally invasive repair (Nuss), Without thoracoscopy",EXCLUDE,,Not CHD
930,Pericardiectomy,4930,Status post - Pericardiectomy,12.32.09,"Pericardiectomy,",
2030,"Peripheral vascular procedure, Other",6030,"Status post - Peripheral vascular procedure, Other",12.33.51,"Peripheral vascular procedure,",
10,"PFO, Primary closure",4010,"Status post - PFO, Primary closure",12.01.53,"Patent foramen ovale (PFO) direct closure,",
1810,Pleural drainage procedure,5810,Status post - Pleural drainage procedure,12.32.80,"Pleural procedure, Insertion of pleural tube drain,",
2950,Procedure on neck,6950,Status post - Procedure on neck,EXCLUDE,,Not CHD
3100,Procedure on thorax,7100,Status post - Procedure on thorax,12.40.00,"Thoracotomy,",
220,Pulmonary artery origin from ascending aorta (hemitruncus) repair,4220,Status post - Pulmonary artery origin from ascending aorta (hemitruncus) repair,12.14.30,"Pulmonary artery origin from ascending aorta (hemitruncus) repair,",
1370,Pulmonary artery sling repair,5370,Status post - Pulmonary artery sling repair,12.17.32,"Vascular ring procedure, Pulmonary arterial sling repair,",
2700,"Pulmonary atresia - VSD - MAPCA repair, Complete single stage repair (1-stage that includes bilateral pulmonary unifocalization + VSD closure + RV to PA connection [with or without conduit])",6700,"Status post - Pulmonary atresia - VSD - MAPCA repair, Complete single stage repair (1-stage that includes bilateral pulmonary unifocalization + VSD closure + RV to PA connection [with or without conduit])",12.28.11,"Pulmonary atresia, ventricular septal defect (VSD) & systemic-to-pulmonary collateral artery(ies) (MAPCA(s)) repair,",
2710,"Pulmonary atresia - VSD - MAPCA repair, Status post prior complete unifocalization (includes VSD closure + RV to PA connection [with or without conduit])",6710,"Status post - Pulmonary atresia - VSD - MAPCA repair, Status post prior complete unifocalization (includes VSD closure + RV to PA connection [with or without conduit])",12.28.11,"Pulmonary atresia, ventricular septal defect (VSD) & systemic-to-pulmonary collateral artery(ies) (MAPCA(s)) repair,",
2720,"Pulmonary atresia - VSD - MAPCA repair, Status post prior incomplete unifocalization (includes completion of pulmonary unifocalization + VSD closure + RV to PA connection [with or without conduit])",6720,"Status post - Pulmonary atresia - VSD - MAPCA repair, Status post prior incomplete unifocalizarion (includes completion of pulmonary unifocalization + VSD closure + RV to PA connection [with or without conduit])",12.28.11,"Pulmonary atresia, ventricular septal defect (VSD) & systemic-to-pulmonary collateral artery(ies) (MAPCA(s)) repair,",
1780,Pulmonary AV fistula repair/occlusion,5780,Status post - Pulmonary AV fistula repair/occlusion,12.25.07,"Pulmonary arteriovenous fistula closure,",
1804,"Pulmonary embolectomy, Chronic pulmonary embolus",5804,"Status post - Pulmonary embolectomy, Chronic pulmonary embolus",12.15.81,"Pulmonary thromboembolectomy for chronic (longstanding) embolus,",
300,Pulmonary venous stenosis repair,4300,Status post - Pulmonary venous stenosis repair,12.00.03,"Pulmonary vein stenosis repair,",
2440,"Radiology procedure on cardiac patient, Cardiac Computerized Axial Tomography (CT Scan)",6440,"Status post - Radiology procedure on cardiac patient, Cardiac Computerized Axial Tomography (CT Scan)",EXCLUDE,,Irrelevant
2450,"Radiology procedure on cardiac patient, Cardiac Magnetic Resonance Imaging (MRI)",6450,"Status post - Radiology procedure on cardiac patient, Cardiac Magnetic Resonance Imaging (MRI)",EXCLUDE,,Irrelevant
2460,"Radiology procedure on cardiac patient, Diagnostic radiology",6460,"Status post - Radiology procedure on cardiac patient, Diagnostic radiology",EXCLUDE,,Irrelevant
2470,"Radiology procedure on cardiac patient, Non-Cardiac Computerized Tomography (CT) on cardiac patient",6470,"Status post - Radiology procedure on cardiac patient, Non-Cardiac Computerized Tomography (CT) on cardiac patient",EXCLUDE,,Irrelevant
2480,"Radiology procedure on cardiac patient, Non-cardiac Magnetic Resonance Imaging (MRI) on cardiac patient",6480,"Status post - Radiology procedure on cardiac patient, Non-cardiac Magnetic Resonance Imaging (MRI) on cardiac patient",EXCLUDE,,Irrelevant
2490,"Radiology procedure on cardiac patient, Therapeutic radiology",6490,"Status post - Radiology procedure on cardiac patient, Therapeutic radiology",EXCLUDE,,Too non-specific
1150,Rastelli,5150,Status post - Rastelli,12.29.11,"Rastelli procedure: intraventricular left ventricle to aorta tunnel & right ventricle to pulmonary artery conduit,",
3210,Removal of transcatheter-delivered device from blood vessel,7210,Status post - Removal of transcatheter-delivered device from blood vessel,EXCLUDE,,No match
3220,Removal of transcatheter-delivered device from heart,7220,Status post - Removal of transcatheter-delivered device from heart,EXCLUDE,,No match
2820,"Removal, Sternal wire",6820,"Status post - Removal, Sternal wire",12.65.48,"Sternal wire removal from previous sternotomy,",
1160,REV,5160,Status post - REV,12.27.45,"REV procedure: intraventricular left ventricle to aorta tunnel with infundibular septum resection & direct right ventricle to pulmonary trunk anastomosis,",
2830,"Rib excision, Complete",6830,"Status post - Rib excision, Complete",EXCLUDE,,Not CHD
3060,"Rib excision, Excision of cervical rib",7060,"Status post - Rib excision, Excision of cervical rib",EXCLUDE,,Not CHD
3070,"Rib excision, Excision of cervical rib, With sympathectomy",7070,"Status post - Rib excision, Excision of cervical rib, With sympathectomy",EXCLUDE,,Not CHD
3080,"Rib excision, Excision of first rib",7080,"Status post - Rib excision, Excision of first rib",EXCLUDE,,Not CHD
3090,"Rib excision, Excision of first rib, With sympathectomy",7090,"Status post - Rib excision, Excision of first rib, With sympathectomy",EXCLUDE,,Not CHD
2840,"Rib excision, Partial",6840,"Status post - Rib excision, Partial",EXCLUDE,,Not CHD
1920,Right/left heart assist device procedure,5920,Status post - Right/left heart assist device procedure,12.37.04,"Prosthetic heart (total artificial heart) implantation,",
740,Ross procedure,4740,Status post - Ross procedure,12.16.30,"Ross procedure: aortic valve or root replacement with pulmonary autograft & pulmonary valvar replacement,",
760,Ross-Konno procedure,4760,Status post - Ross-Konno procedure,12.16.62,"Ross-Konno procedure,",
3370,"RV Rehabilitation, Endocardial Resection",7370,"Status post - RV Rehabilitation, Endocardial Resection",EXCLUDE,,Not CHD
1130,Senning,5130,Status post - Senning,12.29.01,"Senning procedure (atrial inversion),",
1630,"Shunt, Ligation and takedown",5630,"Status post - Shunt, Ligation and takedown",12.31.30,"Systemic-to-pulmonary arterial shunt procedure,",Closest
2095,"Shunt, Reoperation",6095,"Status post - Shunt, Reoperation",12.43.00,"Reoperation,",
1600,"Shunt, Systemic to pulmonary, Central (shunt from aorta)",5600,"Status post - Shunt, Systemic to pulmonary, Central (shunt from aorta)",12.31.05,"Systemic-to-pulmonary arterial shunt procedure, Waterston (ascending aorta-right pulmonary artery) anastomosis,",
3130,"Shunt, Systemic to pulmonary, Central (shunt from aorta), Central shunt with an end-to-side connection between the transected main pulmonary artery and the side of the ascending aorta (i.e. Mee shunt)",7130,"Status post - Shunt, Systemic to pulmonary, Central (shunt from aorta), Central shunt with an end-to-side connection between the transected main pulmonary artery and the side of the ascending aorta (i.e. Mee shunt)",12.31.30,"Systemic-to-pulmonary arterial shunt procedure,",
3230,"Shunt, Systemic to pulmonary, Potts - Smith type (descending aorta to pulmonary artery)",7230,"Status post - Shunt, Systemic to pulmonary, Potts - Smith type (descending aorta to pulmonary artery)",12.31.30,"Systemic-to-pulmonary arterial shunt procedure,",
810,"Sinus of Valsalva, Aneurysm repair",4810,"Status post - Sinus of Valsalva, Aneurysm repair",12.16.85,"Aortic sinus of Valsalva procedure, Aortic sinus of Valsalva aneurysm repair,",
2850,Sternal fracture - open treatment,6850,Status post - Sternal fracture - open treatment,EXCLUDE,,Not CHD
2860,"Sternal resection, Radical resection of sternum",6860,"Status post - Sternal resection, Radical resection of sternum",EXCLUDE,,Not CHD
2870,"Sternal resection, Radical resection of sternum with mediastinal lymphadenectomy",6870,"Status post - Sternal resection, Radical resection of sternum with mediastinal lymphadenectomy",EXCLUDE,,Not CHD
1980,Sternotomy wound drainage,5980,Status post - Sternotomy wound drainage,12.65.56,"Sternotomy wound drainage,",
2330,Superior cavopulmonary anastomosis(es) (Glenn or HemiFontan) + Atrioventricular valvuloplasty,6330,Status post - Superior cavopulmonary anastomosis(es) (Glenn or HemiFontan) + Atrioventricular valvuloplasty,"12.31.22, 12.90.01",multiple_codes,2 ops
2130,Superior Cavopulmonary anastomosis(es) + PA reconstruction,6130,Status post - Superior Cavopulmonary anastomosis(es) + PA reconstruction,"12.31.72, 12.14.20",multiple_codes,2 ops
3300,Takedown of superior cavopulmonary anastomosis,7300,Status post - Takedown of superior cavopulmonary anastomosis,12.31.42,"Takedown of Glenn,",
280,TAPVC repair,4280,Status post - TAPVC repair,12.00.00,"Totally anomalous pulmonary venous connection repair,",
2200,TAPVC repair + Shunt - systemic-to-pulmonary,6200,Status post - TAPVC repair + Shunt - systemic-to-pulmonary,"12.00.00, 12.31.30",multiple_codes,2 ops
2210,"TGA, Other procedures (Kawashima, LV-PA conduit, other)",6210,"Status post - TGA, Other procedures (Kawashima, LV-PA conduit, other)",12.29.40,"Complex transposition of great arteries repair,",
390,TOF -  AVC (AVSD) repair,4390,Status post - TOF -  AVC (AVSD) repair,12.05.11,"Atrioventricular septal defect (AVSD) & Tetralogy of Fallot repair,",
400,TOF - Absent pulmonary valve repair,4400,Status post - TOF - Absent pulmonary valve repair,12.26.21,"Absent pulmonary valve syndrome (Fallot type) repair,",
350,"TOF repair, No ventriculotomy",4350,"Status post - TOF repair, No ventriculotomy",12.26.01,"Tetralogy of Fallot repair,",
380,"TOF repair, RV-PA conduit",4380,"Status post - TOF repair, RV-PA conduit",12.26.01,"Tetralogy of Fallot repair,",
360,"TOF repair, Ventriculotomy, Nontransanular patch",4360,"Status post - TOF repair, Ventriculotomy, Nontransanular patch",12.26.20,"Tetralogy of Fallot repair, Tetralogy of Fallot repair without transannular patch,",
370,"TOF repair, Ventriculotomy, Transanular patch",4370,"Status post - TOF repair, Ventriculotomy, Transanular patch",12.26.13,"Tetralogy of Fallot repair, Tetralogy of Fallot repair with transannular patch,",
3330,"TOF repair, Ventriculotomy, Transanular patch, plus native valve reconstruction",7330,"Status post - TOF repair, Ventriculotomy, Transanular patch, plus native valve reconstruction",12.26.13,"Tetralogy of Fallot repair, Tetralogy of Fallot repair with transannular patch,",
3340,"TOF repair, Ventriculotomy, Transanular patch, with monocusp or other surgically fashioned RVOT valve",7340,"Status post - TOF repair, Ventriculotomy, Transanular patch, with monocusp or other surgically fashioned RVOT valve",12.26.13,"Tetralogy of Fallot repair, Tetralogy of Fallot repair with transannular patch,",
900,"Transplant, Heart and lung",1610,"Status post - Transplant, Heart and lung",12.32.13,"Transplantation of heart and lungs,",
2220,Truncus + Interrupted aortic arch repair (IAA) repair,6220,Status post - Truncus + Interrupted aortic arch repair (IAA) repair,"12.11.00, 12.21.00",multiple_codes,2 ops
230,Truncus arteriosus repair,4230,Status post - Truncus arteriosus repair,12.11.00,"Common arterial trunk (truncus) repair,",
2880,Tumor of chest wall - Excision including ribs,6880,Status post - Tumor of chest wall - Excision including ribs,EXCLUDE,,Not CHD
2890,"Tumor of chest wall - Excision including ribs, With reconstruction",6890,"Status post - Tumor of chest wall - Excision including ribs, With reconstruction",EXCLUDE,,Not CHD
2960,Tumor of soft tissue of neck - Excision of deep subfascial or intramuscular tumor,6960,Status post - Tumor of soft tissue of neck - Excision of deep subfascial or intramuscular tumor,EXCLUDE,,Not CHD
2970,Tumor of soft tissue of neck - Excision of subcutaneous tumor,6970,Status post - Tumor of soft tissue of neck - Excision of subcutaneous tumor,EXCLUDE,,Not CHD
2980,Tumor of soft tissue of neck - Radical resection,6980,Status post - Tumor of soft tissue of neck - Radical resection,EXCLUDE,,Not CHD
2900,Tumor of soft tissue of thorax - Excision of deep subfascial or intramuscular tumor,6900,Status post - Tumor of soft tissue of thorax - Excision of deep subfascial or intramuscular tumor,EXCLUDE,,Not CHD
2910,Tumor of soft tissue of thorax - Excision of subcutaneous tumor,6910,Status post - Tumor of soft tissue of thorax - Excision of subcutaneous tumor,EXCLUDE,,Not CHD
2920,Tumor of soft tissue of thorax - Radical resection,6920,Status post - Tumor of soft tissue of thorax - Radical resection,EXCLUDE,,Not CHD
440,Unifocalization MAPCA(s),4440,Status post - Unifocalization MAPCA(s),12.25.00,"Systemic-to-pulmonary collateral artery(ies) (MAPCA(s)) unifocalisation procedure,",
2730,"Unifocalization MAPCA(s), Bilateral pulmonary unifocalization - Complete unifocalization (all usable MAPCA[s] are incorporated)",6730,"Status post - Unifocalization MAPCA(s), Bilateral pulmonary unifocalization - Complete unifocalization (all usable MAPCA[s] are incorporated)",12.28.11,"Pulmonary atresia, ventricular septal defect (VSD) & systemic-to-pulmonary collateral artery(ies) (MAPCA(s)) repair,",
2740,"Unifocalization MAPCA(s), Bilateral pulmonary unifocalization - Incomplete unifocalization (not all usable MAPCA[s] are incorporated)",6740,"Status post - Unifocalization MAPCA(s), Bilateral pulmonary unifocalization - Incomplete unifocalization (not all usable MAPCA[s] are incorporated)",12.28.11,"Pulmonary atresia, ventricular septal defect (VSD) & systemic-to-pulmonary collateral artery(ies) (MAPCA(s)) repair,",
2750,"Unifocalization MAPCA(s), Unilateral pulmonary unifocalization",6750,"Status post - Unifocalization MAPCA(s), Unilateral pulmonary unifocalization",12.28.11,"Pulmonary atresia, ventricular septal defect (VSD) & systemic-to-pulmonary collateral artery(ies) (MAPCA(s)) repair,",
3170,VAD change out,7170,Status post - VAD change out,12.87.41,"Cardiac support procedure, Ventricular assist device implantation, Ventricular assist device removal,",
2390,VAD explantation,6390,Status post - VAD explantation,12.87.41,"Cardiac support procedure, Ventricular assist device implantation, Ventricular assist device removal,",
480,"Valve closure, Tricuspid (exclusion, univentricular approach)",4480,"Status post - Valve closure, Tricuspid (exclusion, univentricular approach)",12.02.70,"Tricuspid valvar procedure, Tricuspid valvar closure,",
630,"Valve excision, Pulmonary (without replacement)",4630,"Status post - Valve excision, Pulmonary (without replacement)",12.13.12,"Pulmonary valvar procedure, Pulmonary valvectomy,",
490,"Valve excision, Tricuspid (without replacement)",4490,"Status post - Valve excision, Tricuspid (without replacement)",12.02.22,"Tricuspid valvar procedure, Tricuspid valvectomy,",
670,"Valve replacement, Aortic (AVR)",4670,"Status post - Valve replacement, Aortic (AVR)",12.16.21,"Aortic valvar procedure, Aortic valvar replacement,",
690,"Valve replacement, Aortic (AVR), Bioprosthetic",4690,"Status post - Valve replacement, Aortic (AVR), Bioprosthetic",12.16.28,"Aortic valvar procedure, Aortic valvar replacement, Aortic valvar replacement using heterograft bioprosthesis,",
700,"Valve replacement, Aortic (AVR), Homograft",4700,"Status post - Valve replacement, Aortic (AVR), Homograft",12.16.22,"Aortic valvar procedure, Aortic valvar replacement, Aortic valvar replacement using homograft,",
680,"Valve replacement, Aortic (AVR), Mechanical",4680,"Status post - Valve replacement, Aortic (AVR), Mechanical",12.16.29,"Aortic valvar procedure, Aortic valvar replacement, Aortic valvar replacement using mechanical prosthesis,",
470,"Valve replacement, Tricuspid (TVR)",4470,"Status post - Valve replacement, Tricuspid (TVR)",12.02.11,"Tricuspid valvar procedure, Tricuspid valvar replacement,",
250,"Valve replacement, Truncal valve",4250,"Status post - Valve replacement, Truncal valve",12.11.41,"Truncal valve replacement,",
800,"Valve surgery, Other, Aortic",4800,"Status post - Valve surgery, Other, Aortic",12.16.30,"Ross procedure: aortic valve or root replacement with pulmonary autograft & pulmonary valvar replacement,",
860,"Valve surgery, Other, Mitral",4860,"Status post - Valve surgery, Other, Mitral",12.03.19,"Mitral subvalvar apparatus procedure,",
650,"Valve surgery, Other, Pulmonic",4650,"Status post - Valve surgery, Other, Pulmonic",12.13.00,"Pulmonary valvar procedure,",
500,"Valve surgery, Other, Tricuspid",4500,"Status post - Valve surgery, Other, Tricuspid",12.02.00,"Tricuspid valvar procedure,",
2240,"Valvuloplasty converted to valve replacement in the same operation, Aortic",6240,"Status post - Valvuloplasty converted to valve replacement in the same operation, Aortic",12.16.97,"Aortic valvar procedure, Aortic valvar replacement, Aortic valve repair converted to aortic valvar replacement,",
2310,"Valvuloplasty converted to valve replacement in the same operation, Aortic  with Ross procedure",6310,"Status post - Valvuloplasty converted to valve replacement in the same operation, Aortic  with Ross procedure",12.16.30,"Ross procedure: aortic valve or root replacement with pulmonary autograft & pulmonary valvar replacement,",
2320,"Valvuloplasty converted to valve replacement in the same operation, Aortic  with Ross-Konno procedure",6320,"Status post - Valvuloplasty converted to valve replacement in the same operation, Aortic  with Ross-Konno procedure",12.16.62,"Ross-Konno procedure,",
2250,"Valvuloplasty converted to valve replacement in the same operation, Common atrioventricular valve",6250,"Status post - Valvuloplasty converted to valve replacement in the same operation, Common atrioventricular valve",12.04.33,"Common atrioventricular valve repair converted to atrioventricular valvar replacement,",
2260,"Valvuloplasty converted to valve replacement in the same operation, Mitral",6260,"Status post - Valvuloplasty converted to valve replacement in the same operation, Mitral",12.03.84,"Mitral valvar procedure, Mitral valve repair converted to mitral valvar replacement,",
2270,"Valvuloplasty converted to valve replacement in the same operation, Pulmonic",6270,"Status post - Valvuloplasty converted to valve replacement in the same operation, Pulmonic",12.13.55,"Pulmonary valve repair converted to pulmonary valvar replacement,",
2280,"Valvuloplasty converted to valve replacement in the same operation, Tricuspid",6280,"Status post - Valvuloplasty converted to valve replacement in the same operation, Tricuspid",12.02.83,"Tricuspid valvar procedure, Tricuspid valve repair converted to tricuspid valvar replacement,",
2290,"Valvuloplasty converted to valve replacement in the same operation, Truncal valve",6290,"Status post - Valvuloplasty converted to valve replacement in the same operation, Truncal valve",12.11.43,"Truncal valve repair converted to truncal valvar replacement,",
2300,"Valvuloplasty, Common atrioventricular valve",6300,"Status post - Valvuloplasty, Common atrioventricular valve",12.48.01,"Common atrioventricular valvar leaflet (valvoplasty) procedure,",
240,"Valvuloplasty, Truncal valve",4240,"Status post - Valvuloplasty, Truncal valve",12.11.34,"Truncal valve cusp(s) repair (valvoplasty),",
1360,Vascular ring repair,5360,Status post - Vascular ring repair,12.17.11,"Vascular ring procedure,",
1930,VATS (video-assisted thoracoscopic surgery),5930,Status post - VATS (video-assisted thoracoscopic surgery),EXCLUDE,,Irrelevant
1035,Ventricular septation,5035,Status post - Ventricular septation,12.09.01,"Ventricular septation procedure,",
110,"VSD repair, Patch",4110,"Status post - VSD repair, Patch",12.08.03,"Ventricular septal defect (VSD) closure, Ventricular septal defect (VSD) closure using patch,",
100,"VSD repair, Primary closure",4100,"Status post - VSD repair, Primary closure",12.08.02,"Ventricular septal defect (VSD) closure, Ventricular septal defect (VSD) closure by direct suture,",
130,"VSD, Multiple, Repair",4130,"Status post - VSD, Multiple, Repair",12.08.16,"Ventricular septal defect (VSD) closure, Closure of multiple ventricular septal defect (VSD)s,",
85,Atrialfenestrationclosure,4085,Status post - Atrial fenestration closure,12.30.41,"Atrial fenestration closure,",
120,"VSD repair, Device",4120,"Status post - VSD repair, Device",12.08.07,"Ventricular septal defect (VSD) closure with transluminal device,",
140,VSD creation/enlargement,4140,Status post - VSD creation/enlargement,12.08.35,"Ventricular septal defect (VSD) enlargement/ creation,",
150,Ventricular septal fenestration,4150,Status post - Ventricular septal fenestration,12.08.19,"Open fenestration of ventricular septal defect (VSD) patch,",
340,Systemic venous stenosis repair,4340,Status post - Systemic venous stenosis repair,12.00.83,"Systemic vein procedure, Systemic venous stenosis repair,",
420,"Pulmonary atresia - VSD (including TOF, PA) repair",4420,"Status post - Pulmonary atresia - VSD (including TOF, PA) repair",12.28.01,"Pulmonary atresia & ventricular septal defect (VSD) (including Fallot-type) repair,",
460,"Valvuloplasty, Tricuspid",4460,"Status post - Valvuloplasty, Tricuspid",12.02.04,"Tricuspid valvar procedure, Tricuspid valvar annuloplasty,",
510,RVOT procedure,4510,Status post - RVOT procedure,12.06.00,"Right ventricular outflow tract procedure,",
590,"Valvuloplasty, Pulmonic",4590,"Status post - Valvuloplasty, Pulmonic",12.13.00,"Pulmonary valvar procedure,",
600,"Valve replacement, Pulmonic (PVR)",4600,"Status post - Valve replacement, Pulmonic (PVR)",12.13.21,"Pulmonary valvar replacement (not conduit),",
640,"Valve closure, Semilunar",4640,"Status post - Valve closure, Semilunar",12.13.15,"Pulmonary valvar procedure, Pulmonary valve closure-oversewing,",
660,"Valvuloplasty, Aortic",4660,"Status post - Valvuloplasty, Aortic",12.16.11,"Aortic valvar procedure, Aortic cusp(s) repair (valvoplasty),",
830,"Valvuloplasty, Mitral",4830,"Status post - Valvuloplasty, Mitral",12.03.03,"Mitral valvar procedure, Mitral leaflet (valvoplasty) procedure,",
850,"Valve replacement, Mitral (MVR)",4850,"Status post - Valve replacement, Mitral (MVR)",12.03.11,"Mitral valvar procedure, Mitral valvar replacement,",
890,"Transplant, Heart",1590,"Status post - Transplant, Heart",12.37.01,"Heart transplant,",
920,Pericardial drainage procedure,4920,Status post - Pericardial drainage procedure,12.32.40,"Pericardiocentesis,",
940,"Pericardial procedure, Other",4940,"Status post - Pericardial procedure, Other",12.32.59,"Procedure involving pericardium,",
950,"Fontan, Atrio-pulmonary connection",4950,"Status post - Fontan, Atrio-pulmonary connection",12.30.32,"Fontan type procedure, Fontan procedure with direct atriopulmonary anastomosis,",
1025,Fontan revision or conversion (Re-do Fontan),5025,Status post - Fontan revision or conversion (Re-do Fontan),12.30.37,"Fontan type procedure, Fontan type procedure revision or conversion,",
1340,"PDA closure, Device",5340,"Status post - PDA closure, Device",12.24.04,"Arterial duct (PDA) closure with transluminal device,",
1410,"Transplant, lung(s)",1600,"Status post - Transplant, Lung(s)",12.37.20,"Lung(s) transplant, Double lung transplant,",
1420,"Lung procedure, Other",5420,"Status post - Lung procedure, Other",12.66.00,"Lung procedure,",
1440,Tracheal procedure,5440,Status post - Tracheal procedure,12.64.20,"Tracheal procedure,",
1450,"Pacemaker implantation, Permanent",5450,"Status post - Pacemaker implantation, Permanent",12.34.67,"Pacemaker system placement: permanent,",
1460,Pacemaker procedure,5460,Status post - Pacemaker procedure,12.34.68,"Pacemaker procedure,",
1470,ICD (AICD) implantation,5470,Status post - ICD (AICD) implantation,12.42.31,"Implantable cardioverter & defibrillator (ICD) implantation,",
1480,ICD (AICD) ([automatic] implantable cardioverter defibrillator) procedure,5480,Status post - ICD (AICD) ([automatic] implantable cardioverter defibrillator) procedure,12.42.39,"Implantable cardioverter & defibrillator (ICD) procedure,",
1590,"Shunt, Systemic to pulmonary, Modified Blalock-Taussig Shunt (MBTS)",5590,"Status post - Shunt, Systemic to pulmonary, Modified Blalock-Taussig Shunt (MBTS)",12.31.46,"Systemic-to-pulmonary arterial shunt procedure, Modified Blalock interposition shunt,",
1610,"Shunt, Systemic to pulmonary, Other",5610,"Status post - Shunt, Systemic to pulmonary, Other",12.31.06,"Systemic-to-pulmonary arterial shunt procedure, Central systemic-to-pulmonary arterial interposition shunt,",
1640,PA banding (PAB),5640,Status post - PA banding (PAB),12.14.02,"Pulmonary trunk band (PA band),",
1802,"Pulmonary embolectomy, Acute pulmonary embolus",5802,"Status post - Pulmonary embolectomy, Acute pulmonary embolus",12.15.80,"Pulmonary thromboembolectomy for acute embolus,",
1820,"Pleural procedure, Other",5820,"Status post - Pleural procedure, Other",12.65.89,"Pleural procedure,",
1860,Mediastinal procedure,5860,Status post - Mediastinal procedure,12.65.06,"Mediastinal procedure,",
1900,Intraaortic balloon pump (IABP) insertion,5900,Status post - Intraaortic balloon pump (IABP) insertion,12.87.10,"Cardiac support procedure, Intra-aortic balloon pump (IABP) insertion,",
1940,Minimally invasive procedure,5940,Status post - Minimally invasive procedure,12.40.13,"Minimally invasive procedure,",
1990,"Thoracotomy, Other",5990,"Status post - Thoracotomy, Other",12.40.00,"Thoracotomy,",
2020,"Thoracic and/or mediastinal procedure, Other",6020,"Status post - Thoracic and/or mediastinal procedure, Other",12.40.00,"Thoracotomy,",
2230,"Valve replacement, Common atrioventricular valve",6230,"Status post - Valve replacement, Common atrioventricular valve",12.80.00,"Thoracic-mediastinal procedure,",
2380,VAD implantation,6380,Status post - VAD implantation,12.87.21,"Cardiac support procedure, Ventricular assist device implantation,",
2580,"Cardiovascular catheterization procedure, Therapeutic, Septostomy",6580,"Status post - Cardiovascular catheterization procedure, Therapeutic, Septostomy",12.01.41,"Balloon atrial septostomy by pull back (Rashkind),",
3030,"Pectus repair, Open repair",7030,"Status post - Pectus repair, Open repair",12.65.23,"Anterior chest wall (pectus) repair,",
7777,Other procedure,11777,Status post - Other procedure,ERROR,,too non-specific
